camera	0.33351943061625322	-1.0496327471729661	0.53314149346691486
target	0.33365152757248001	-1.0457982935628971	0.51789955034222213
controls	250	1	10000	1	1	1.0000000000000002	13.687666810861071	1
sequence	0	0	1	0	1	0	1	0	1	0	1	0	1	0	1	0	1	0	1	0	1	0	1	0	1	0	1	0	1	0	1	0	1	0	1	0	1	0	1	0	1	0	1	0	1	0	1	0	1	0	1	0	1	0	1	0	1	0	1	0	1	0	1	0	1	0	1	0	1	0	1	0	1	0	1	0	1	0	1	0	1	0	1	0	1	0	1	0	1	0	1	0	1	0	1	0	1	0	1	0	1	0	1	0	1	0	1	0	1	0	1	0	1	0	1	0	1	0	1	0	1	0	1	0	1	0	1	0	1	0	1	0	1	0	1	0	1	0	1	0	1	0	1	0	1	0	1	0	1	0	1	0	1	0	1	0	1	0	1	0	1	0	1	0	1	0	1	0	1	0	1	0	1	0	1	0	1	0	1	0	1	0	1	0	1	0	1	0	1	0	1	0	1	0	1	0	1	0	1	0	1	0	1	0	1	0	1	0	1	0	1	0	1	0	1	0	1	0	1	0	1	0	1	0	1	0	1	0	1	0	1	0	1	0	1	0	1	0	1	0	1	0	1	0	1	0	1	0	1	0
slot0	100	0	1	0	0	1
slot1	100	0	1	0	0	1
scale	3
limits	0.22500000000000001	-0.074999999999999997	0.025000000000000001	0.20000000000000001
axes	1	1	1	1
starts	0	0	0	0
stops	250	250	250	250
foldColor	0	0
