-0.48710864782333374	0.57225692272186279	-0.65973234176635742	0
-0.44669252634048462	0.58520162105560303	-0.67676031589508057	0
-0.40621748566627502	0.59668982028961182	-0.69206076860427856	0
-0.35991129279136658	0.60813850164413452	-0.70755290985107422	0
-0.31064969301223755	0.61844950914382935	-0.72181469202041626	0
-0.26216113567352295	0.62681764364242554	-0.73373746871948242	0
-0.20777788758277893	0.63419824838638306	-0.7447284460067749	0
-0.15124572813510895	0.63971030712127686	-0.75358808040618896	0
-0.096956536173820496	0.64299380779266357	-0.75970911979675293	0
-0.037674013525247574	0.64437776803970337	-0.76377838850021362	0
0.022167570888996124	0.64347058534622192	-0.76514953374862671	0
0.07796090841293335	0.64054256677627563	-0.76395469903945923	0
0.13707457482814789	0.63522875308990479	-0.76006221771240234	0
0.19110618531703949	0.62834423780441284	-0.7540963888168335	0
0.24726136028766632	0.61907786130905151	-0.7453884482383728	0
0.30117145180702209	0.60807883739471436	-0.7345307469367981	0
0.34914061427116394	0.59647703170776367	-0.7227141261100769	0
0.39777299761772156	0.58287191390991211	-0.70854538679122925	0
0.44338637590408325	0.56831759214401245	-0.69312566518783569	0
0.48316806554794312	0.55410641431808472	-0.67787492275238037	0
0.52280205488204956	0.53843420743942261	-0.66088289022445679	0
-0.50003737211227417	0.52351337671279907	-0.68985217809677124	0
-0.4593181312084198	0.53578853607177734	-0.70848935842514038	0
-0.41839832067489624	0.54671096801757812	-0.72529274225234985	0
-0.37142446637153625	0.5576205849647522	-0.74236291646957397	0
-0.32128489017486572	0.56746429204940796	-0.75812917947769165	0
-0.27178338170051575	0.57546067237854004	-0.77134841680526733	0
-0.2161136120557785	0.58250987529754639	-0.78356665372848511	0
-0.15810583531856537	0.5877564549446106	-0.79343843460083008	0
-0.10229746997356415	0.59084808826446533	-0.80027073621749878	0
-0.041277311742305756	0.59208357334136963	-0.80481845140457153	0
0.020362898707389832	0.59108537435531616	-0.80635172128677368	0
0.077837958931922913	0.58812475204467773	-0.80501556396484375	0
0.13870090246200562	0.58283525705337524	-0.80066519975662231	0
0.19426950812339783	0.57603329420089722	-0.79400545358657837	0
0.25192630290985107	0.56692510843276978	-0.78430140018463135	0
0.30715566873550415	0.55616265535354614	-0.77222925424575806	0
0.35617390275001526	0.5448567271232605	-0.75912511348724365	0
0.40572828054428101	0.53165173530578613	-0.74345850944519043	0
0.45205816626548767	0.51758354902267456	-0.72646427154541016	0
0.49233394861221313	0.50390112400054932	-0.70971161127090454	0
0.53232741355895996	0.48887109756469727	-0.69110941886901855	0
-0.51166903972625732	0.47082328796386719	-0.71869313716888428	0
-0.47072982788085938	0.48214483261108398	-0.7388838529586792	0
-0.42946052551269531	0.49223718047142029	-0.75714325904846191	0
-0.38193961977958679	0.50233179330825806	-0.77574771642684937	0
-0.33106118440628052	0.51144659519195557	-0.79298198223114014	0
-0.28069159388542175	0.51884770393371582	-0.80747067928314209	0
-0.22390457987785339	0.52535611391067505	-0.82089424133300781	0
-0.16460211575031281	0.5301666259765625	-0.83176267147064209	0
-0.10745090991258621	0.53294873237609863	-0.83929699659347534	0
-0.044886894524097443	0.53395926952362061	-0.84431755542755127	0
0.018356641754508018	0.53284865617752075	-0.84601122140884399	0
0.077332824468612671	0.52988618612289429	-0.84453529119491577	0
0.13975654542446136	0.52470695972442627	-0.83973228931427002	0
0.19669362902641296	0.51811403036117554	-0.83238756656646729	0
0.25568246841430664	0.50934398174285889	-0.82170242071151733	0
0.31207564473152161	0.49903646111488342	-0.80843734741210938	0
0.36201268434524536	0.4882577657699585	-0.79407227039337158	0
0.41236695647239685	0.4757220447063446	-0.77694368362426758	0
0.45931074023246765	0.46242299675941467	-0.75841820240020752	0
0.50000262260437012	0.44953948259353638	-0.74021023511886597	0
0.5402909517288208	0.43544083833694458	-0.72005319595336914	0
-0.52218985557556152	0.41122746467590332	-0.74713414907455444	0
-0.48110231757164001	0.42123246192932129	-0.76883244514465332	0
-0.43956789374351501	0.43015727400779724	-0.78850769996643066	0
-0.39160975813865662	0.43908429145812988	-0.80860769748687744	0
-0.3401218056678772	0.4471362829208374	-0.82727617025375366	0
-0.28902152180671692	0.45365595817565918	-0.84300792217254639	0
-0.23128038644790649	0.45935451984405518	-0.85761439800262451	0
-0.17085987329483032	0.46350926160812378	-0.86946284770965576	0
-0.11253987997770309	0.46582955121994019	-0.87768858671188354	0
-0.04862431064248085	0.46651551127433777	-0.8831753134727478	0
0.016028312966227531	0.46526291966438293	-0.88502717018127441	0
0.076326481997966766	0.4623362123966217	-0.88341331481933594	0
0.14012537896633148	0.45737549662590027	-0.87816405296325684	0
0.19826708734035492	0.45115172863006592	-0.87014472484588623	0
0.25842583179473877	0.44294750690460205	-0.85849469900131226	0
0.31583738327026367	0.43337166309356689	-0.84405887126922607	0
0.36657461524009705	0.42341303825378418	-0.82845884561538696	0
0.41762140393257141	0.41188731789588928	-0.8099016547203064	0
0.46509233117103577	0.39971581101417542	-0.78988349437713623	0
0.5061381459236145	0.38797339797019958	-0.7702600359916687	0
0.54667341709136963	0.37517338991165161	-0.74859386682510376	0
-0.53018701076507568	0.35146206617355347	-0.7716059684753418	0
-0.48902985453605652	0.35994613170623779	-0.79453647136688232	0
-0.4473402202129364	0.36750569939613342	-0.81536853313446045	0
-0.39910551905632019	0.37505128979682922	-0.83669048547744751	0
-0.34721577167510986	0.38183137774467468	-0.85653114318847656	0
-0.29562172293663025	0.38728618621826172	-0.87327933311462402	0
-0.23722471296787262	0.39199963212013245	-0.88885337114334106	0
-0.17602573335170746	0.39535421133041382	-0.90150409936904907	0
-0.11688435822725296	0.39711335301399231	-0.91029596328735352	0
-0.052012462168931961	0.39741268754005432	-0.9161645770072937	0
0.013642431236803532	0.39600658416748047	-0.91814613342285156	0
0.074884213507175446	0.39315104484558105	-0.91641920804977417	0
0.13966687023639679	0.38849470019340515	-0.9108043909072876	0
0.19867144525051117	0.38276049494743347	-0.9022325873374939	0
0.25966861844062805	0.37528732419013977	-0.889792799949646	0
0.31780999898910522	0.36663699150085449	-0.87439906597137451	0
0.36912071704864502	0.35769686102867126	-0.85778927803039551	0
0.42066395282745361	0.34740361571311951	-0.83806455135345459	0
0.46851348876953125	0.33658421039581299	-0.81682676076889038	0
0.50981438159942627	0.32618808746337891	-0.7960466742515564	0
0.5505298376083374	0.31489691138267517	-0.77314716577529907	0
-0.5360216498374939	0.28909558057785034	-0.79316085577011108	0
-0.49485468864440918	0.29583463072776794	-0.81706809997558594	0
-0.45309895277023315	0.30181580781936646	-0.83881354331970215	0
-0.40472295880317688	0.30775231122970581	-0.86109668016433716	0
-0.35261121392250061	0.31304037570953369	-0.88185638189315796	0
-0.30073264241218567	0.31723886728286743	-0.89939922094345093	0
-0.24194721877574921	0.32078516483306885	-0.91572815179824829	0
-0.18027801811695099	0.32319027185440063	-0.92900353670120239	0
-0.12063343822956085	0.32428553700447083	-0.9382355809211731	0
-0.055169176310300827	0.32413396239280701	-0.94440096616744995	0
0.011112232692539692	0.32256105542182922	-0.94648325443267822	0
0.072948276996612549	0.31981161236763	-0.94466859102249146	0
0.13835467398166656	0.31554564833641052	-0.93876969814300537	0
0.19790972769260406	0.31042265892028809	-0.92976832389831543	0
0.25944539904594421	0.30384844541549683	-0.9167136549949646	0
0.3180592954158783	0.29632186889648438	-0.90057271718978882	0
0.36974501609802246	0.28860461711883545	-0.88317358493804932	0
0.42161735892295837	0.27977520227432251	-0.86253368854522705	0
0.46972319483757019	0.27054423093795776	-0.84033656120300293	0
0.51120269298553467	0.26171353459358215	-0.81864368915557861	0
0.55205172300338745	0.25215941667556763	-0.79476684331893921	0
-0.53952515125274658	0.22487056255340576	-0.81138491630554199	0
-0.49840050935745239	0.22970235347747803	-0.83596253395080566	0
-0.45666313171386719	0.2339504212141037	-0.85832720994949341	0
-0.40828022360801697	0.23811256885528564	-0.88125437498092651	0
-0.35613027215003967	0.24174870550632477	-0.90262305736541748	0
-0.30418521165847778	0.24455182254314423	-0.92068743705749512	0
-0.24529436230659485	0.24679931998252869	-0.93750756978988647	0
-0.18348495662212372	0.24814766645431519	-0.9511864185333252	0
-0.1236807182431221	0.24850647151470184	-0.96070140600204468	0
-0.058019518852233887	0.24786019325256348	-0.96705669164657593	0
0.0084786675870418549	0.24611508846282959	-0.96920335292816162	0
0.070527441799640656	0.24350187182426453	-0.96733260154724121	0
0.13616447150707245	0.23969475924968719	-0.96125197410583496	0
0.19593006372451782	0.2352772057056427	-0.95197463035583496	0
0.25767937302589417	0.22972999513149261	-0.93852287530899048	0
0.31648916006088257	0.223476842045784	-0.92189604043960571	0
0.36833864450454712	0.21713553369045258	-0.90397930145263672	0
0.42036432027816772	0.20994171500205994	-0.88273322582244873	0
0.46860066056251526	0.20247340202331543	-0.85989391803741455	0
0.51018238067626953	0.19536855816841125	-0.83758270740509033	0
0.55112165212631226	0.18771739304065704	-0.81303542852401733	0
-0.54061746597290039	0.15962420403957367	-0.82598584890365601	0
-0.49958238005638123	0.1624627411365509	-0.85089540481567383	0
-0.45794442296028137	0.164896160364151	-0.8735535740852356	0
-0.40968653559684753	0.16719734668731689	-0.89677292108535767	0
-0.35768145322799683	0.16909860074520111	-0.91840577125549316	0
-0.30588948726654053	0.17043513059616089	-0.93668735027313232	0
-0.24718007445335388	0.17131748795509338	-0.9537043571472168	0
-0.18556694686412811	0.17155665159225464	-0.96753960847854614	0
-0.12595488131046295	0.17114549875259399	-0.97716134786605835	0
-0.060502864420413971	0.16998755931854248	-0.98358690738677979	0
0.0057901591062545776	0.16807422041893005	-0.98575711250305176	0
0.067658178508281708	0.16562001407146454	-0.98386585712432861	0
0.13312019407749176	0.16231536865234375	-0.97771799564361572	0
0.19274532794952393	0.15865984559059143	-0.96833670139312744	0
0.25437304377555847	0.1542142927646637	-0.95473140478134155	0
0.31309360265731812	0.14931990206241608	-0.93791025876998901	0
0.36488926410675049	0.14444036781787872	-0.91977852582931519	0
0.41688776016235352	0.13897745311260223	-0.89827024936676025	0
0.4651256799697876	0.13336730003356934	-0.8751404881477356	0
0.50673156976699829	0.12807545065879822	-0.85253703594207764	0
0.54771745204925537	0.12241668254137039	-0.827659010887146	0
-0.53931409120559692	0.094235032796859741	-0.83681529760360718	0
-0.49841508269309998	0.095076665282249451	-0.86170905828475952	0
-0.45695573091506958	0.095693260431289673	-0.88432681560516357	0
-0.40895155072212219	0.096132613718509674	-0.90747827291488647	0
-0.35726979374885559	0.096300020813941956	-0.92902332544326782	0
-0.30584445595741272	0.096172794699668884	-0.94721150398254395	0
-0.2475953996181488	0.095695331692695618	-0.9641258716583252	0
-0.18650549650192261	0.094833016395568848	-0.97786605358123779	0
-0.12742730975151062	0.093661144375801086	-0.987415611743927	0
-0.062579184770584106	0.09200344979763031	-0.9937901496887207	0
0.0030982778407633305	0.089935459196567535	-0.99594259262084961	0
0.064402222633361816	0.087653949856758118	-0.99406677484512329	0
0.12929311394691467	0.084867037832736969	-0.98796790838241577	0
0.18843404948711395	0.081987872719764709	-0.97865736484527588	0
0.24961048364639282	0.078658826649188995	-0.96514612436294556	0
0.30795979499816895	0.075137190520763397	-0.94842755794525146	0
0.35948514938354492	0.071731343865394592	-0.93038952350616455	0
0.41127499938011169	0.068010687828063965	-0.90897035598754883	0
0.45938295125961304	0.064268514513969421	-0.88590997457504272	0
0.50093156099319458	0.060797393321990967	-0.86334866285324097	0
0.54191535711288452	0.057137902826070786	-0.83848828077316284	0
-0.53572362661361694	0.029564728960394859	-0.8438754677772522	0
-0.49500977993011475	0.028485238552093506	-0.86842018365859985	0
-0.45380812883377075	0.027358880266547203	-0.89067912101745605	0
-0.40618240833282471	0.026017548516392708	-0.91342133283615112	0
-0.35499393939971924	0.02453220821917057	-0.93454653024673462	0
-0.3041360080242157	0.023014523088932037	-0.95235037803649902	0
-0.24660719931125641	0.021250290796160698	-0.96888232231140137	0
-0.18634308874607086	0.019350744783878326	-0.98229396343231201	0
-0.12811358273029327	0.017467310652136803	-0.99160552024841309	0
-0.064232036471366882	0.015348371118307114	-0.99781680107116699	0
0.00045293383300304413	0.013147560879588127	-0.99991333484649658	0
0.060840155929327011	0.011043170467019081	-0.99808627367019653	0
0.12479418516159058	0.0087617300450801849	-0.99214380979537964	0
0.1831316202878952	0.0066324896179139614	-0.98306584358215332	0
0.2435479611158371	0.0043775532394647598	-0.96987879276275635	0
0.30125877261161804	0.0021743271499872208	-0.95353972911834717	0
0.35230553150177002	0.00018335680942982435	-0.93588483333587646	0
0.40370851755142212	-0.0018639166373759508	-0.91488558053970337	0
0.45155352354049683	-0.0038103540427982807	-0.89223575592041016	0
0.49295845627784729	-0.0055290092714130878	-0.87003511190414429	0
0.53388375043869019	-0.0072615258395671844	-0.84552651643753052	0
-0.52966219186782837	-0.037045791745185852	-0.84739905595779419	0
-0.48920267820358276	-0.039996050298213959	-0.87125241756439209	0
-0.44835951924324036	-0.042810838669538498	-0.89282733201980591	0
-0.40126320719718933	-0.045867901295423508	-0.91481345891952515	0
-0.35076621174812317	-0.048936661332845688	-0.93518334627151489	0
-0.30070468783378601	-0.051778845489025116	-0.95231050252914429	0
-0.24418705701828003	-0.054761357605457306	-0.96818053722381592	0
-0.18508265912532806	-0.057636037468910217	-0.98103117942810059	0
-0.1280459463596344	-0.060182292014360428	-0.98994040489196777	0
-0.065524913370609283	-0.062723524868488312	-0.99587744474411011	0
-0.0022404342889785767	-0.065034359693527222	-0.99788028001785278	0
0.056848462671041489	-0.066956065595149994	-0.99613487720489502	0
0.11946869641542435	-0.068742722272872925	-0.99045509099960327	0
0.17665405571460724	-0.070146091282367706	-0.9817700982093811	0
0.23597027361392975	-0.07136516273021698	-0.96913611888885498	0
0.29274463653564453	-0.072297744452953339	-0.95345336198806763	0
0.3430769145488739	-0.072923675179481506	-0.93647211790084839	0
0.3938872218132019	-0.073353096842765808	-0.91622692346572876	0
0.44131115078926086	-0.073558330535888672	-0.89433395862579346	0
0.48246541619300842	-0.073572270572185516	-0.87281954288482666	0
0.52325707674026489	-0.073423720896244049	-0.84900569915771484	0
-0.52203017473220825	-0.097878649830818176	-0.84729212522506714	0
-0.48187363147735596	-0.10239960253238678	-0.87023663520812988	0
-0.44145229458808899	-0.10662142932415009	-0.89092725515365601	0
-0.3949735164642334	-0.11109738051891327	-0.91195005178451538	0
-0.34527751803398132	-0.11546505242586136	-0.93137043714523315	0
-0.29613327980041504	-0.1193850189447403	-0.94765597581863403	0
-0.24077527225017548	-0.12335075438022614	-0.96271055936813354	0
-0.18299633264541626	-0.12700469791889191	-0.97487527132034302	0
-0.12732002139091492	-0.130074143409729	-0.9832955002784729	0
-0.066349402070045471	-0.13294103741645813	-0.98890042304992676	0
-0.0046619335189461708	-0.13532458245754242	-0.99079018831253052	0
0.052943233400583267	-0.13708387315273285	-0.98914337158203125	0
0.11403324455022812	-0.13845525681972504	-0.98378157615661621	0
0.1698891669511795	-0.13925716280937195	-0.97557401657104492	0
0.2279256135225296	-0.139621302485466	-0.9636157751083374	0
0.28359818458557129	-0.13950522243976593	-0.94874131679534912	0
0.33307713270187378	-0.13900214433670044	-0.93259721994400024	0
0.38316470384597778	-0.13808880746364594	-0.913299560546875	0
0.4300578236579895	-0.13684223592281342	-0.89236992597579956	0
0.47087758779525757	-0.13542769849300385	-0.87174153327941895	0
0.51146513223648071	-0.13369424641132355	-0.84883970022201538	0
-0.51285290718078613	-0.15595829486846924	-0.84419113397598267	0
-0.47306457161903381	-0.16182245314121246	-0.8660387396812439	0
-0.43314382433891296	-0.16723610460758209	-0.8856738805770874	0
-0.38738635182380676	-0.17290216684341431	-0.90555858612060547	0
-0.338614821434021	-0.17834804952144623	-0.92386776208877563	0
-0.29052001237869263	-0.18315348029136658	-0.93917655944824219	0
-0.23647941648960114	-0.18791815638542175	-0.95329105854034424	0
-0.1801983118057251	-0.19219739735126495	-0.96467006206512451	0
-0.12605378031730652	-0.19567973911762238	-0.97253251075744629	0
-0.066825464367866516	-0.19879528880119324	-0.9777599573135376	0
-0.0069320597685873508	-0.20122082531452179	-0.97952115535736084	0
0.04900389164686203	-0.2028321772813797	-0.97798639535903931	0
0.1083667129278183	-0.20384877920150757	-0.97298610210418701	0
0.16271418333053589	-0.20414501428604126	-0.96532303094863892	0
0.21928758919239044	-0.20379365980625153	-0.95413875579833984	0
0.27368730306625366	-0.2027999609708786	-0.94019520282745361	0
0.32216694951057434	-0.20134948194026947	-0.9250224232673645	0
0.37139210104942322	-0.19930413365364075	-0.90683257579803467	0
0.41763386130332947	-0.1968265026807785	-0.88704061508178711	0
0.4580245316028595	-0.19419261813163757	-0.86746895313262939	0
0.49832582473754883	-0.19109702110290527	-0.84566718339920044	0
