2.8303494832438302e-08	40
7.2283109041460527e-08	38
3.1769284013353365e-08	38
2.8798917684841922e-09	44
8.3149970814657075e-09	42
1.8707602123525961e-08	40
3.3309828919970991e-08	38
1.9482509777102176e-09	44
1.4155391928843418e-08	40
6.6090789034904727e-08	38
2.0696563975337864e-09	44
1.131335335500094e-08	40
9.2693694186633716e-11	50
6.6090789034904727e-08	38
2.7696488853813739e-08	40
1.7290794601844278e-07	36
2.3693462605755994e-08	40
6.5291249677001355e-08	38
6.8565712557322051e-08	38
7.0337975225564496e-08	38
6.1967939416522622e-08	38
7.9088815191612023e-09	42
5.2903369051858339e-10	46
2.3859686670018922e-08	40
4.9349310600283733e-08	38
2.6137648483462192e-08	40
6.8603919782170268e-08	38
6.1965105847107112e-08	38
5.2911899900482813e-10	46
9.5618135167027899e-09	40
2.1291430990890882e-08	40
1.9026624498541504e-09	44
2.0389360173969447e-08	40
2.3693866589441037e-08	40
4.2870228699574112e-08	38
2.129143108105843e-08	40
6.205315159861188e-08	38
6.2751833409150843e-08	38
8.5337680435449557e-09	42
3.3351453150949643e-08	38
2.129143108105843e-08	40
4.9197580744146449e-08	38
7.2091575348342936e-08	38
1.2506222970619724e-08	40
2.8062672231628124e-08	40
1.9219556622096517e-09	44
7.5563264003144548e-08	38
8.533451413046282e-09	42
8.1681551721905378e-08	38
1.2597980309587055e-08	40
3.2610554202059561e-08	38
6.4347564227572324e-08	38
8.533747386705589e-09	42
6.1996589663526926e-08	38
6.1968274326703457e-08	38
1.9061798757460235e-09	44
3.1910286166409877e-08	38
8.2970440115577423e-08	38
2.8763672641231983e-08	38
6.1964973815934828e-08	38
8.9564040223374837e-09	42
8.168832813470211e-08	38
6.6705530219710995e-09	42
2.5765261509321371e-08	40
6.2073446517082015e-08	38
1.8975740489742623e-09	44
2.6622834276200788e-08	40
9.5982282728173968e-09	40
1.1208494161949055e-07	36
1.8298793964086284e-08	40
1.10297336439717e-09	44
4.7004787085729294e-08	38
3.8960542960967839e-08	38
1.2324568289982764e-07	36
1.1731191446724379e-07	36
2.5686412835388039e-08	40
4.4000828611168157e-09	42
1.1212072828174707e-07	36
4.0555766882836415e-08	38
4.1490421171847786e-08	38
2.662285218053626e-08	40
4.0848451298314387e-08	38
4.6764232364640109e-08	38
2.3121743744306318e-09	44
3.8591285913055651e-08	38
1.1668744565218976e-08	40
1.1245592533334349e-07	36
4.8673739011114934e-08	38
7.4995275222798341e-08	38
4.9347803549352191e-08	38
5.1879367558570099e-08	38
4.5918588239845118e-08	38
1.1221795160951251e-07	36
6.4689369190393187e-08	38
4.2210830805681982e-08	38
6.4800728253362952e-08	38
5.1967733817508472e-08	38
1.1208472272437567e-07	36
3.6686989686739489e-08	38
9.9388669751783849e-08	36
6.0222096939822653e-08	38
5.1879007242500566e-08	38
8.7610921745769888e-08	36
1.1219408121519769e-07	36
3.2906166714792698e-08	38
2.428574622850317e-08	40
2.7350132298104778e-08	40
8.7174450503807946e-08	36
4.781173016054199e-11	50
1.1721847370390857e-08	40
1.8105579607288343e-08	40
6.5082732623472731e-08	38
1.884588098345191e-07	36
5.8684879191316404e-08	38
6.536987790455559e-08	38
1.4581344585698769e-07	36
4.9347806753598653e-08	38
3.9358092437580242e-08	38
5.4675136863697171e-08	38
7.0020454301897101e-09	42
9.7286138811088812e-08	36
2.1153596414798297e-08	40
8.2202164046027529e-08	38
8.2760828027540688e-08	38
7.0224916367286046e-09	42
1.8975762448328501e-09	44
3.3703795367490412e-08	38
2.7530493855069428e-08	40
