1	0.33351508888070674	-1.0496276464870427	0.53313561308812829	8.9132795442269838e-06	3.3128165833918204e-08	3.9614567495978685e-08	13	1	0.33351509528332218	-1.0496276540088574	0.53313562175973062	8.9001354223955547e-06	3.9529876934009252e-08	3.9556149188665357e-08	13
1	0.3335141568414321	-1.0496258381216783	0.53313350344849408	1.1806275032860292e-05	4.1291894382506483e-08	5.2472324966679798e-08	20	1	0.33351416413843071	-1.0496258476813085	0.53313351450379221	1.178993941465461e-05	5.2398098611724556e-08	5.239972223097041e-08	20
1	0.3335148070328906	-1.0496259556260161	0.53313361640408874	1.1382039241999872e-05	4.9147431218021058e-08	5.0586828296064961e-08	15	1	0.33351480791341426	-1.0496259569194109	0.53313361790421099	1.1379871625610994e-05	5.0546866097806596e-08	5.0577194447733343e-08	15
1	0.33351511427771791	-1.0496254538990344	0.5331330079374198	1.1992784393771081e-05	4.9297289258423331e-08	5.3301255872994521e-08	16	1	0.3335151163501815	-1.0496254574008552	0.53313301201169505	1.1987026131485675e-05	5.3270366839685721e-08	5.3275663600512738e-08	16
1	0.333515605941263	-1.0496251329102659	0.53313260658673356	1.2311858264338405e-05	4.8407960541762498e-08	5.471935574744903e-08	16	1	0.33351561211430181	-1.0496251451997125	0.53313262093018932	1.229198688206191e-05	5.4581260374917867e-08	5.4631038515862587e-08	16
1	0.33351614747610919	-1.0496248973055038	0.53313230460323169	1.2523367110017582e-05	4.4559487043553344e-08	5.5659395252483759e-08	14	1	0.33351615138913376	-1.0496249066614016	0.53313231555501794	1.250844108167858e-05	5.5539319787136155e-08	5.5593057365758556e-08	14
1	0.33351686625530991	-1.0496249200011847	0.53313230214938567	1.2341837589908068e-05	4.2102955981405379e-08	5.4852598541189241e-08	15	1	0.33351686977334805	-1.0496249307392553	0.53313231475892331	1.2324905864410072e-05	5.4746185007350944e-08	5.4777346445609991e-08	15
1	0.33351770329222119	-1.0496254412675321	0.53313288700366068	1.1420646740483387e-05	3.741133948297355e-08	5.075841834058777e-08	14	1	0.33351770633515365	-1.0496254541379468	0.53313290216519715	1.1400527610617235e-05	5.0636207496962767e-08	5.0669000006063977e-08	14
1	0.33351832948637594	-1.0496254447287927	0.53313286549356875	1.1356943231592595e-05	3.9997939362918243e-08	5.0475291982273626e-08	25	1	0.3335183310569132	-1.0496254551442403	0.53313287779961338	1.1340744867941989e-05	5.0361280958149251e-08	5.040329927061463e-08	25
1	0.33351906560083605	-1.0496265039353116	0.53313409338231987	9.6887850015319219e-06	3.3421966435712791e-08	4.3061255175948426e-08	11	1	0.33351906619098204	-1.049626514029192	0.53313410534655581	9.6731204631309055e-06	4.2978068193324052e-08	4.2991635023438823e-08	11
1	0.33351964540387652	-1.0496265124114588	0.53313407972498328	9.6892719718027075e-06	4.1342563081228737e-08	4.3063422467899235e-08	15	1	0.33351964534569634	-1.0496265141002874	0.5331340817331659	9.686647409503396e-06	4.3032244315145142e-08	4.3051757748891712e-08	15
1	0.33352013311144019	-1.0496269753306493	0.5331346095745888	9.0108645639560138e-06	2.8796488713388021e-08	4.0048276243856747e-08	10	1	0.3335201319720591	-1.049626984692035	0.53313462073961482	8.9962497889371049e-06	3.9968942191579867e-08	3.998332170525844e-08	10
1	0.33352067274934882	-1.049626990900087	0.53313460598660334	9.061732251661372e-06	2.4955198756243692e-08	4.0274357157816749e-08	15	1	0.33352067004921215	-1.0496270034130162	0.53313462095854014	9.0420339474729209e-06	4.0178134067222646e-08	4.0186809157554246e-08	15
1	0.33352092120248911	-1.0496278462260358	0.53313561168085	7.7997801767926775e-06	2.7019112602126117e-08	3.4665679602169448e-08	10	1	0.33352091936854728	-1.0496278522559128	0.53313561891750183	7.7901837220343036e-06	3.4615141785433321e-08	3.4623028704726549e-08	10
1	0.3335213379974214	-1.0496279715887304	0.53313574351921789	7.7140284512764277e-06	3.4013542102799567e-08	3.4284562621909085e-08	9	1	0.33352133790210137	-1.0496279718273867	0.53313574380656736	7.7136429482560577e-06	3.4268997245953443e-08	3.4282849276096098e-08	9
1	0.33352181104420309	-1.04962794098084	0.53313568781199783	7.9038963872654944e-06	2.0415516515372561e-08	3.5128420204028191e-08	10	1	0.3335218063256507	-1.0496279505078117	0.53313569932013316	7.8882290576646032e-06	3.5040933627983336e-08	3.5058787643973849e-08	10
1	0.33352222488215155	-1.0496279734074381	0.53313570939209143	8.0032679788894716e-06	2.3642741873030111e-08	3.5570075032595847e-08	10	1	0.33352221954386718	-1.0496279825274426	0.5331357204422339	7.9879781955586642e-06	3.5501820156612605e-08	3.5502120449187588e-08	10
1	0.33352269685493474	-1.0496279610291026	0.5331356753787998	8.2113132391653153e-06	2.3699895706995978e-08	3.6494718040543807e-08	10	1	0.33352269136833318	-1.0496279690688288	0.53313568515197762	8.197519940940845e-06	3.6432880318417837e-08	3.6433414505251943e-08	10
1	0.33352310734193374	-1.049628034470909	0.53313574580963097	8.2923740564727396e-06	3.6028779359035995e-08	3.6854987544309924e-08	10	1	0.33352310682711961	-1.0496280351307805	0.53313574661441643	8.2912129604789691e-06	3.6827916640394168e-08	3.6849827118227109e-08	10
1	0.33352358893751544	-1.0496279783303035	0.53313565942715646	8.6063661047417376e-06	2.5486378927584797e-08	3.8250510452483974e-08	11	1	0.33352358176750441	-1.0496279865530098	0.53313566948653535	8.5915265250161506e-06	3.8149534673411718e-08	3.8184556774686062e-08	11
1	0.33352398192240118	-1.0496280597795336	0.53313574008409381	8.7056011074515194e-06	3.0362595763391586e-08	3.8691552331363467e-08	11	1	0.33352397534770745	-1.0496280665508153	0.533135748395275	8.6930252315604031e-06	3.8609795110359721e-08	3.8635659561527969e-08	11
1	0.33351507214008336	-1.0496281840728774	0.53313548050779092	8.716300846616893e-06	2.4858641482355345e-08	3.8739108224759764e-08	11	1	0.33351508143417963	-1.0496281938033176	0.53313549332993759	8.6977140433485642e-06	3.864285580496458e-08	3.8656500224309709e-08	11
1	0.33351360866693019	-1.0496259559459429	0.53313251322237321	1.2675200318581616e-05	4.938008417431006e-08	5.6334214400869594e-08	23	1	0.33351361455752387	-1.0496259628172426	0.53313252230850039	1.2662375669874486e-05	5.6251656013160254e-08	5.6277215971370059e-08	23
1	0.33351423121146345	-1.049625953236458	0.53313248030799021	1.2426925570298516e-05	4.667066154308372e-08	5.5230769245876098e-08	19	1	0.33351423766566546	-1.0496259616700077	0.53313249149633779	1.2411499595429015e-05	5.5108670493084039e-08	5.5162209371405073e-08	19
1	0.33351489859544353	-1.0496259432375128	0.53313243535553445	1.2201729342080923e-05	4.7858626783807091e-08	5.4229896005555527e-08	15	1	0.33351490211550683	-1.0496259485221935	0.53313244239105506	1.2192252143825509e-05	5.4174297745332809e-08	5.4187775134004265e-08	15
1	0.33351550538064906	-1.0496258142884409	0.53313223117124264	1.2217305339235758e-05	3.5383046690123152e-08	5.4299122791567848e-08	13	1	0.33351551274013769	-1.0496258272870198	0.5331322485372727	1.2194398913038026e-05	5.4176689822912426e-08	5.4197316475745703e-08	13
1	0.33351595260100403	-1.0496253829957256	0.53313162251182078	1.2797012191883738e-05	4.0934899270214098e-08	5.6875597574385753e-08	15	1	0.33351595738377354	-1.049625393122525	0.53313163608579894	1.2779414465863589e-05	5.6779670500246968e-08	5.6797385474853992e-08	15
1	0.33351669451505567	-1.0496253723206732	0.53313157314010506	1.266047599470971e-05	3.0260884003413601e-08	5.626876950921058e-08	15	1	0.33351670285605173	-1.0496253948028877	0.5331316033821909	1.2621880572559782e-05	5.6087484706109316e-08	5.6097234338208481e-08	15
1	0.33351760635103567	-1.049625965489956	0.53313233857307041	1.1538253562269499e-05	4.871610615045093e-08	5.1281118097242862e-08	14	1	0.33351760723549823	-1.0496259687779346	0.53313234301165813	1.1532659444914157e-05	5.1229193581205739e-08	5.1256255357825989e-08	14
1	0.33351826033378373	-1.0496259878742267	0.53313233837428464	1.1439994261765662e-05	4.4439992747124435e-08	5.0844405900258071e-08	20	1	0.33351826159374826	-1.0496259951515097	0.53313234823095801	1.1427677588322207e-05	5.0766781589714185e-08	5.0789665143187356e-08	20
1	0.3335190163738096	-1.049626805261153	0.53313341663371261	1.0035596460544804e-05	2.7261196322262143e-08	4.4602640097436625e-08	13	1	0.33351901724099192	-1.0496268177000543	0.53313343354189524	1.0014587768927739e-05	4.4489867275132544e-08	4.4509268157356438e-08	13
1	0.33351963600232709	-1.0496267853152712	0.53313336037071113	1.0086288636890838e-05	3.828885739010206e-08	4.4827942007604673e-08	21	1	0.33351963578351479	-1.0496267916668596	0.53313336903547315	1.0075543000897755e-05	4.4772587389939668e-08	4.4780183633364926e-08	21
1	0.33352010156959377	-1.0496276776121443	0.53313455433478385	8.6198732566077587e-06	3.3155272587471806e-08	3.8310538805416772e-08	11	1	0.33352010071138294	-1.0496276840965775	0.53313456321057007	8.6088476483984897e-06	3.8249712832441365e-08	3.8261536113447556e-08	11
1	0.33352063404434396	-1.0496276902460957	0.53313454655470616	8.6764258154142091e-06	2.7341787597510917e-08	3.8561885558429808e-08	15	1	0.33352063153647349	-1.0496277007844217	0.53313456103164591	8.6583446751727034e-06	3.846814475939691e-08	3.8481524949726653e-08	15
1	0.3335208404518234	-1.0496285668348595	0.53313573128044422	7.2571119563875245e-06	2.5076483098404457e-08	3.2253825403901658e-08	9	1	0.33352083911143404	-1.0496285708092807	0.53313573675879455	7.250212318160332e-06	3.2209185945879631e-08	3.2223160350766853e-08	9
1	0.33352128784319757	-1.0496285677420187	0.53313571151530403	7.3721041547094017e-06	1.9783408422577359e-08	3.2764901243645686e-08	9	1	0.33352128456620966	-1.0496285751164245	0.53313572171728052	7.3590964302225498e-06	3.2702986262684942e-08	3.2707089145438808e-08	9
1	0.33352173045575767	-1.0496285828843794	0.53313571137162519	7.4875372279172557e-06	3.0617194931727849e-08	3.3277935334169252e-08	8	1	0.33352172959379278	-1.0496285844451276	0.5331357135387168	7.4847309477663643e-06	3.3256627293779972e-08	3.326546298095486e-08	8
1	0.33352215253437961	-1.0496285833210095	0.53313569215359391	7.6421043355404488e-06	2.137351374906913e-08	3.3964902044317659e-08	9	1	0.33352214680733261	-1.0496285920819548	0.53313570435983693	7.6260249793506221e-06	3.3874479880391798e-08	3.3893438252425994e-08	9
1	0.33352260052559596	-1.0496285934378591	0.5331356849093456	7.8128873306441175e-06	1.9552609243732322e-08	3.4723936061699117e-08	9	1	0.33352259397398992	-1.0496286020228478	0.53313569691454088	7.7967395628698914e-06	3.4642413884157689e-08	3.4652168221075413e-08	9
1	0.33352304742469846	-1.0496286061117246	0.53313568120135135	8.0007590065891549e-06	2.5376565372979904e-08	3.5558922761645299e-08	9	1	0.33352304240655839	-1.0496286118572391	0.53313568926557797	7.9896583552506842e-06	3.5492773204111795e-08	3.5509586541968418e-08	9
1	0.33352347035194807	-1.0496286125254102	0.53313567008760654	8.2052755172554355e-06	2.205330413761015e-08	3.6467884457760999e-08	10	1	0.33352346238113906	-1.0496286206834899	0.53313568157772573	8.1890856748761213e-06	3.6375683162049356e-08	3.6395929615846227e-08	10
1	0.33352391919240598	-1.0496286250197677	0.53313566604345797	8.4319838476429178e-06	2.8082940271726282e-08	3.7475477286359168e-08	10	1	0.33352391342251125	-1.0496286303186397	0.53313567353439029	8.421144851549488e-06	3.7404079466442433e-08	3.7427303978501423e-08	10
1	0.33351508140954206	-1.0496287451567314	0.53313538454733445	8.500038840555531e-06	2.763020214735787e-08	3.7777942848957814e-08	11	1	0.33351508764789467	-1.0496287508970858	0.53313539330975879	8.4878466769609061e-06	3.7704144270106271e-08	3.7723755466260389e-08	11
1	0.33351509498701631	-1.0496283064065033	0.53313468802089081	9.2104408518718908e-06	3.9234317061394057e-08	4.0935283641098542e-08	13	1	0.33351509665663992	-1.0496283081166147	0.53313469064162533	9.2068939688678835e-06	4.0903955025274619e-08	4.0919519720201834e-08	13
1	0.33351381323028217	-1.0496263086621653	0.53313158995851595	1.3080098489420136e-05	4.7078156394901877e-08	5.8133762330420869e-08	34	1	0.33351382310156008	-1.0496263199763833	0.53313160736167886	1.3057113192084173e-05	5.7982682631817349e-08	5.8031605468619988e-08	34
1	0.33351489505755644	-1.0496267819491039	0.53313228141055957	1.1875067319272294e-05	3.4371087699292741e-08	5.2778067032882847e-08	15	1	0.33351490357601671	-1.0496267931526899	0.53313229871218448	1.1852764159820822e-05	5.264801300109621e-08	5.2678941898797271e-08	15
1	0.33351497344247527	-1.0496258614175218	0.53313081731802137	1.3463293155120386e-05	4.6479965119607983e-08	5.9836845054695685e-08	19	1	0.33351498180432532	-1.0496258743354956	0.53313083734693667	1.3438035437091408e-05	5.9715676170262033e-08	5.9724588555500315e-08	19
1	0.33351545458088055	-1.049625397623251	0.53313005553270831	1.41651387474879e-05	5.5011660308343062e-08	6.2956159892284351e-08	22	1	0.33351545848142033	-1.0496254048332501	0.53313006675346286	1.4151242571644309e-05	6.286955472912161e-08	6.2894399122541579e-08	22
1	0.33351524356462103	-1.0496229229291947	0.53312614261265856	1.8700160731267987e-05	3.4706720458937887e-08	8.3111811458533927e-08	31	1	0.33351525809861265	-1.0496229570308704	0.53312619589816979	1.8635249189020028e-05	8.2755637196513255e-08	8.2823315763551012e-08	31
1	0.33351761872721841	-1.0496269112631915	0.53313233768141888	1.1007689825552225e-05	3.9361991051971519e-08	4.8923057316323047e-08	13	1	0.33351762202385637	-1.0496269218813261	0.53313235433989503	1.0987661905658262e-05	4.8797957220853691e-08	4.8834044354927107e-08	13
1	0.33351825826446246	-1.049626932392977	0.53313233624956125	1.0910580391467981e-05	4.4410561845805791e-08	4.849145623184387e-08	16	1	0.33351825910361749	-1.0496269365551252	0.53313234280418498	1.0902770731923722e-05	4.8443343488334564e-08	4.845674664277039e-08	16
1	0.33351899610655833	-1.0496275783930415	0.53313332038728223	9.6801014975247476e-06	4.104119370446937e-08	4.3022661904178259e-08	9	1	0.33351899627021708	-1.0496275803398705	0.53313332346568509	9.6764554725386154e-06	4.2989486628833989e-08	4.3006457352927618e-08	9
1	0.3335196082830128	-1.0496275899391239	0.53313330525502511	9.6786090805028384e-06	4.1648677654262149e-08	4.3016032688833196e-08	10	1	0.33351960825400906	-1.0496275907810322	0.53313330659173452	9.6770290666524162e-06	4.298956540951443e-08	4.3009010406295951e-08	10
1	0.33352016754134844	-1.0496276977462724	0.53313344566503829	9.5292665214026155e-06	3.5186908577148696e-08	4.2352287054775288e-08	13	1	0.33352016647417665	-1.0496277050585565	0.53313345731939388	9.5154667955465215e-06	4.2280893466858655e-08	4.2290954951917017e-08	13
1	0.33352075586010327	-1.0496277716301796	0.53313353069101244	9.4825172304950318e-06	3.9968277068544887e-08	4.2144512664581846e-08	26	1	0.33352075376816992	-1.0496277794842086	0.53313354326047002	9.4675488200254068e-06	4.2059224716897728e-08	4.2077986409424999e-08	26
1	0.33352080559767078	-1.049629125311051	0.53313567468446688	6.9904725656133846e-06	2.9685719361787996e-08	3.1068760637520269e-08	9	1	0.33352080528106826	-1.049629126145019	0.53313567602429657	6.988862943062672e-06	3.1048982143499011e-08	3.1061606761396914e-08	9
1	0.33352122441755006	-1.0496291737488646	0.53313572861773673	7.0157383412782305e-06	2.8255547283117573e-08	3.1181054377103281e-08	9	1	0.33352122286604552	-1.0496291768396102	0.53313573360390198	7.0096702500817525e-06	3.1129672154630989e-08	3.1154085087191632e-08	9
1	0.33352220953846706	-1.0496283034314222	0.53313429462092621	8.9046430273214208e-06	2.5842555299284308e-08	3.9576182174450646e-08	25	1	0.33352220438044133	-1.0496283116795599	0.53313430798288097	8.8881149007494631e-06	3.9496377837769712e-08	3.9502723851264665e-08	25
1	0.33352238983191007	-1.0496287559867796	0.5331350024482383	8.1743424604701296e-06	3.5500325508809192e-08	3.6330403670664337e-08	13	1	0.33352238803341294	-1.0496287584124686	0.53313500639322908	8.1693744103978702e-06	3.628532392968822e-08	3.6308323452733886e-08	13
1	0.33352300777375388	-1.0496286204294099	0.53313475371756824	8.6746948184929636e-06	3.561277510772356e-08	3.8554188747712454e-08	16	1	0.33352300489711151	-1.0496286237480128	0.53313475913747177	8.6677188900999861e-06	3.8488757943816719e-08	3.85231846297621e-08	16
1	0.3335233884727779	-1.0496287624982903	0.53313495821709833	8.6169474780746406e-06	3.5266845234708675e-08	3.8297535802152527e-08	14	1	0.33352338436014972	-1.0496287666387853	0.53313496500790858	8.6079935655646769e-06	3.8234006193983593e-08	3.8257740644258905e-08	14
1	0.33352390813537175	-1.0496287215508255	0.53313486489072426	8.9549912662041528e-06	2.684147407783905e-08	3.979995245104395e-08	15	1	0.33352389866267002	-1.0496287300674878	0.53313487891423217	8.9360459621261852e-06	3.9705413299273773e-08	3.9715751118145439e-08	15
1	0.33352420659063686	-1.0496288980352324	0.5331351284600464	8.8396342162763043e-06	3.9003304649864151e-08	3.9287256135353134e-08	13	1	0.33352420632306073	-1.0496288982508821	0.53313512881664882	8.8391389717136903e-06	3.9279182058742961e-08	3.928505504889655e-08	13
1	0.33351507154351162	-1.049629314378528	0.53313525663165506	8.3476779471186467e-06	2.0448895820265637e-08	3.7100785490541797e-08	11	1	0.33351508100591976	-1.0496293218302279	0.53313527017019513	8.3295573190414865e-06	3.6994510964427608e-08	3.7020249377442315e-08	11
1	0.33351509976201787	-1.0496289552635838	0.53313457248331175	9.0019400805037515e-06	1.4881994902002502e-08	4.0008613691231735e-08	12	1	0.3335151111518489	-1.0496289652360291	0.53313459068499425	8.9782656341225823e-06	3.9886016544152093e-08	3.9903393952962305e-08	12
1	0.33351559392179309	-1.0496289926175182	0.53313461111002003	8.7283318794644824e-06	3.4567200313379564e-08	3.8792578498437014e-08	10	1	0.33351559733089231	-1.0496289959536327	0.53313461722534605	8.7205763102384294e-06	3.875275204778e-08	3.8758109308808731e-08	10
1	0.33351603132337526	-1.0496289357865698	0.5331344745039549	8.6803068803455303e-06	3.7272398584802173e-08	3.8579134478213805e-08	11	1	0.33351603351400477	-1.0496289382427677	0.53313447902723321	8.6747129708148435e-06	3.8545933278806687e-08	3.8554272662587933e-08	11
1	0.33351422951759369	-1.049625909622762	0.53312884286672257	1.5291870655999153e-05	4.027682336129124e-08	6.7963854632249028e-08	32	1	0.33351423951516579	-1.0496259227659277	0.53312886718375563	1.5262476562591422e-05	6.7771224954484143e-08	6.783321424575694e-08	32
1	0.33351502058660648	-1.0496258250717589	0.53312863044582914	1.5258481856942807e-05	5.1738069732360166e-08	6.7815458823734243e-08	31	1	0.33351502912194775	-1.0496258384690602	0.53312865534141562	1.5228950003360291e-05	6.7622473075306487e-08	6.7684206172595608e-08	31
1	0.33351576543054567	-1.0496254676122272	0.53312790253478948	1.5847369350453436e-05	6.2826882164657983e-08	7.0432740262673059e-08	31	1	0.33351576922006082	-1.0496254751387233	0.53312791658674952	1.5830984410965181e-05	7.0353057212165372e-08	7.035991832194908e-08	31
1	0.33351763381693339	-1.0496278728094894	0.53313235000787285	1.051621592120354e-05	3.7397754423594463e-08	4.6738727506311285e-08	12	1	0.33351763644145244	-1.049627879929294	0.53313236336338909	1.0500855269208197e-05	4.6657793065727265e-08	4.6670457956177573e-08	12
1	0.33351825843888278	-1.0496278952497318	0.53313235175910545	1.041566216973831e-05	3.0263581188906963e-08	4.6291823778926557e-08	10	1	0.33351826060821976	-1.0496279042291381	0.53313236867757341	1.0396386007069667e-05	4.61967980573144e-08	4.6206151959613594e-08	10
1	0.33351892715497955	-1.0496279168218439	0.53313234897597406	1.035410614548885e-05	2.7344793693574537e-08	4.6018242176581078e-08	10	1	0.3335189282398322	-1.0496279272302291	0.53313236868041869	1.0331795235845072e-05	4.5912936681497604e-08	4.5919082594279933e-08	10
1	0.33351959665093855	-1.0496279275901044	0.5331323256145003	1.0358837246469142e-05	2.6112956952832044e-08	4.6039267056110515e-08	10	1	0.33351959632603062	-1.0496279370213912	0.53313234355477601	1.0338566370787975e-05	4.591830695306107e-08	4.5949174294084353e-08	10
1	0.3335202246475289	-1.0496279374476529	0.53313230323853067	1.0403090184473774e-05	2.2100068757490488e-08	4.6235946895757128e-08	12	1	0.33352022240723539	-1.0496279510178947	0.53313232916799924	1.0373738726755166e-05	4.609985680180912e-08	4.6105495999194036e-08	12
1	0.33352075553128063	-1.0496284225911301	0.53313319024048389	9.4552110200186858e-06	4.0296489029968098e-08	4.2023151067905285e-08	22	1	0.3335207541497664	-1.0496284271004541	0.53313319889841682	9.4453518907820757e-06	4.1944568347195176e-08	4.1979332725209315e-08	22
1	0.33352077006227687	-1.0496296992975114	0.53313561497287276	6.7557658792803376e-06	2.5444862528467773e-08	3.0025619559586342e-08	8	1	0.3335207663189772	-1.0496297078152947	0.53313563140127984	6.7368857933949158e-06	2.9926778614489372e-08	2.9941708085355038e-08	8
1	0.33352116652399955	-1.0496297717892626	0.5331357267539365	6.7172377244878036e-06	1.6657393483582936e-08	2.9854383208548508e-08	9	1	0.33352116277023774	-1.0496297782232922	0.53313573922399238	6.7027122347211591e-06	2.9777568855886041e-08	2.9789825490896053e-08	9
1	0.33352234756832633	-1.0496287447196846	0.53313369806521516	9.2356137290871134e-06	3.7488329228587988e-08	4.1047164519611193e-08	17	1	0.33352234549434207	-1.049628747565472	0.53313370360782963	9.2290471084832665e-06	4.0992520044992247e-08	4.1017979544004495e-08	17
1	0.33352307718683583	-1.0496285351913792	0.53313325221525776	9.9476898590100689e-06	3.9408994984900553e-08	4.4211946271757341e-08	18	1	0.33352307241396423	-1.049628540704298	0.5331332630019503	9.9346696677578244e-06	4.4147978638647912e-08	4.4154078766593608e-08	18
1	0.33352362810626779	-1.0496286073159384	0.53313335318943755	1.0050945605423201e-05	2.8306089490900878e-09	4.4670857965696824e-08	18	1	0.3335235868153989	-1.0496286480398693	0.53313343326565665	9.9520740712898094e-06	4.4216762293305237e-08	4.4231429037378011e-08	18
1	0.33352417937925821	-1.0496286659281708	0.53313342846720413	1.0210366171921793e-05	3.941538212957216e-08	4.5379394788966918e-08	19	1	0.33352417589331124	-1.0496286689241097	0.53313343438751681	1.0202870999927315e-05	4.5335432158115787e-08	4.5346082920893367e-08	19
1	0.33352423173566381	-1.0496290669393642	0.53313418694311343	9.485788513049371e-06	4.1526424992955701e-08	4.2159053804347656e-08	16	1	0.33352423123707803	-1.0496290673215485	0.53313418770188004	9.4848034345625567e-06	4.2149678398691043e-08	4.2154675678310974e-08	16
1	0.33352476353959837	-1.0496290872713374	0.53313419076372204	9.7552271217303218e-06	2.6261177053899128e-08	4.3356557937975007e-08	26	1	0.33352475207204862	-1.049629095141337	0.5331342064669502	9.7342501556152998e-06	4.3261829576617165e-08	4.3263326992590417e-08	26
1	0.33351508447710465	-1.0496298661083341	0.53313516832722119	8.1973700983737696e-06	2.8723790063279802e-08	3.6432749087344604e-08	11	1	0.333515092109478	-1.0496298711678502	0.53313517943497135	8.1829744733764616e-06	3.6356185360209351e-08	3.6368768543983913e-08	11
1	0.33351519490625497	-1.0496296295158032	0.53313461162515297	8.6614548354714989e-06	3.0844586739731657e-08	3.8495347523348925e-08	10	1	0.33351519956602577	-1.0496296329455865	0.53313461919597471	8.6519262335082273e-06	3.8419279135374607e-08	3.8452998189642411e-08	10
1	0.33351565060428623	-1.049629641760399	0.53313460362631149	8.4499711767562632e-06	2.2525689135403467e-08	3.7555419124638641e-08	10	1	0.33351565859363136	-1.0496296483239265	0.53313461818851793	8.4321115146911172e-06	3.7456318169426677e-08	3.7476042866688775e-08	10
1	0.33351607945568018	-1.049629597988013	0.53313446804623554	8.3966781040531748e-06	2.2757811052120876e-08	3.7318562891918141e-08	10	1	0.33351608592845211	-1.049629604070669	0.53313448161584676	8.3804599069526746e-06	3.721949114393996e-08	3.7246482028119478e-08	10
1	0.33351616176535365	-1.0496291524346377	0.53313342968402722	9.4144654887539588e-06	3.9729907989147248e-08	4.1842060311372863e-08	16	1	0.3335161638435396	-1.0496291547200081	0.53313343481061171	9.4084802020328909e-06	4.1807782842335127e-08	4.1815459042309916e-08	16
1	0.3335166978819013	-1.0496291670901001	0.53313342085165261	9.2440241697212086e-06	3.1811740809021381e-08	4.1084543376376844e-08	14	1	0.33351670100193981	-1.0496291711775798	0.53313343006838099	9.2334700113425473e-06	4.1016054324250081e-08	4.1037636015609874e-08	14
1	0.33351724123344884	-1.0496291293489917	0.53313329010453292	9.2291514531296152e-06	2.6180945512527593e-08	4.1018442523199691e-08	13	1	0.33351724507490194	-1.0496291356967629	0.53313330449801033	9.2129581440223586e-06	4.0910379397339607e-08	4.0946472275156456e-08	13
1	0.33351763644374105	-1.0496287174572816	0.53313230473158679	1.0192671707813838e-05	3.8007155442314528e-08	4.5300755272460239e-08	12	1	0.33351763783689869	-1.0496287205863171	0.53313231186655119	1.0184757196426487e-05	4.524217818585894e-08	4.5265579672562535e-08	12
1	0.33351825252364536	-1.0496287446159707	0.53313231847582465	1.0079129711955115e-05	4.1865568880209501e-08	4.4796125537825737e-08	10	1	0.33351825295376508	-1.0496287460772979	0.53313232182559922	1.0075449837823884e-05	4.473922929295343e-08	4.4779770543839662e-08	10
1	0.33351890283813124	-1.049628714567834	0.53313219700987957	1.0147147432508765e-05	3.4043797699101014e-08	4.5098425650662915e-08	9	1	0.33351890347338209	-1.0496287194216078	0.53313220819939555	1.0134933998059712e-05	4.5031590531570161e-08	4.5044143728721601e-08	9
1	0.33351956913091912	-1.0496287264292468	0.53313217132317536	1.0153224416208872e-05	2.3583444420132626e-08	4.5125434019342555e-08	10	1	0.33351956882874934	-1.0496287352005014	0.53313219165943737	1.0131075151249654e-05	4.4982882088654288e-08	4.5026992858977218e-08	10
1	0.33352019348671391	-1.0496287420121364	0.53313215759876997	1.0187333550880308e-05	2.4893075361332212e-08	4.5277027915798312e-08	11	1	0.33352019189586707	-1.0496287503642718	0.53313217706726079	1.0166089462401258e-05	4.5163933759985656e-08	4.5182609765767792e-08	11
1	0.33352085890171151	-1.0496287742813994	0.53313217924182565	1.022637262424483e-05	3.1229231381128297e-08	4.5450536024848392e-08	16	1	0.3335208565185992	-1.0496287809102192	0.53313219478272778	1.0209309792428015e-05	4.5352479126728006e-08	4.5374701231847425e-08	16
1	0.33352076978992679	-1.0496301671203698	0.533135411837384	6.7406449470599733e-06	2.5750988855149852e-08	2.9958415715078706e-08	15	1	0.33352076780892964	-1.0496301709369598	0.53313542083374554	6.7306737248134301e-06	2.9908471548789536e-08	2.9914099181488093e-08	15
1	0.33352111257170231	-1.0496303163187346	0.53313572999862435	6.4773150454885068e-06	1.9891849756646623e-08	2.8788061024341747e-08	8	1	0.33352111008457747	-1.0496303199132639	0.53313573852112428	6.4677369730783142e-06	2.873502250822522e-08	2.8745491821732346e-08	8
1	0.33352290439366949	-1.0496287396989876	0.53313193597112218	1.0930359105570105e-05	2.7863410973505694e-08	4.8579364221883978e-08	24	1	0.33352289742302293	-1.049628747740575	0.53313195514964662	1.090842572846802e-05	4.8465307333978751e-08	4.848188256515316e-08	24
1	0.33352339098097966	-1.0496289093769124	0.53313229008644203	1.0729185720302644e-05	3.0041675633236006e-08	4.7685260179501902e-08	21	1	0.33352338344698451	-1.0496289166777393	0.53313230759448182	1.070877506665153e-05	4.7548098471695464e-08	4.759454618174296e-08	21
1	0.33352405048921441	-1.0496289318696579	0.53313228956024661	1.0982336209512105e-05	2.9636728392813722e-08	4.8810374017510988e-08	22	1	0.33352404087033144	-1.0496289398133734	0.5331323087233929	1.0959470254615052e-05	4.8677222692479455e-08	4.8708747570022957e-08	22
1	0.33352450568526359	-1.0496291011987593	0.5331326453712254	1.083227939439373e-05	3.0295921951967148e-08	4.8143458605974468e-08	30	1	0.33352449562392933	-1.0496291084269103	0.53313266291259254	1.0810804379184278e-05	4.8021501026058804e-08	4.8048014104655135e-08	30
1	0.3335242117239397	-1.0496296881373082	0.53313402803437615	9.3781341975799748e-06	3.3974539467951068e-08	4.168058975816262e-08	21	1	0.33352420397571242	-1.0496296930947584	0.53313404013280019	9.3629360635796702e-06	4.1591787604003936e-08	4.1613042506766819e-08	21
1	0.3335259774321836	-1.0496290024674568	0.53313229932004824	1.1891845787713294e-05	3.9274193594910636e-08	5.285264019840794e-08	44	1	0.33352596783665911	-1.0496290079559896	0.53313231279570761	1.1874416170259482e-05	5.2750046288752328e-08	5.2775175243094724e-08	44
1	0.33351504948617183	-1.0496303842733614	0.53313501063010094	8.1734200152672048e-06	2.7977653984281437e-08	3.6326304039753097e-08	13	1	0.33351505731172737	-1.0496303884939624	0.53313502220971598	8.1588206879134377e-06	3.6231006171274473e-08	3.6261418152962044e-08	13
1	0.33351525854382735	-1.0496302530195634	0.53313460484411679	8.4309041049705859e-06	2.3743396887818083e-08	3.7470676884901747e-08	11	1	0.33351526643710272	-1.049630257738331	0.5331346178769194	8.414953411648654e-06	3.7365698311370167e-08	3.7399784929877185e-08	11
1	0.33351571285417503	-1.0496302707175296	0.53313461084411706	8.2051879737085e-06	3.0065206286016951e-08	3.6467494871976046e-08	10	1	0.33351571627957161	-1.0496302729992359	0.53313461718548905	8.1976280433276284e-06	3.6404942869080879e-08	3.6433895188161371e-08	10
1	0.333516194165625	-1.0496302861681248	0.53313460752968078	7.9967062847525993e-06	2.6437979236400127e-08	3.5540910619855983e-08	10	1	0.33351619827027024	-1.0496302892893068	0.53313461626280634	7.9865644205813187e-06	3.5483504915356116e-08	3.5495835676186785e-08	10
1	0.33351667464621504	-1.0496303004841991	0.53313460097549514	7.8158888014423438e-06	1.9904399994691035e-08	3.4737277019145778e-08	10	1	0.33351668042204974	-1.0496303056118563	0.53313461542046026	7.7995086227936637e-06	3.4640834682978573e-08	3.4664476238818416e-08	10
1	0.33351712553130797	-1.0496303155694955	0.53313459966387655	7.6648977204106275e-06	1.8569439990213746e-08	3.4066204932427448e-08	10	1	0.3335171305704912	-1.0496303208852629	0.53313461473453017	7.6481413642339651e-06	3.3964424774304774e-08	3.3991732254410334e-08	10
1	0.33351726126709108	-1.0496298709463572	0.53313328285755579	8.9662083041804996e-06	2.1324681165103091e-08	3.9849807246512837e-08	17	1	0.33351726594806058	-1.04962987715261	0.53313330057421149	8.9468612352464459e-06	3.9763810778481363e-08	3.9763820289251223e-08	17
1	0.33351764928689726	-1.0496295537258402	0.5331323139713281	9.8810125302440703e-06	3.8319126896425054e-08	4.3915604369174837e-08	13	1	0.33351765032535807	-1.0496295555875226	0.53313231932269456	9.8752522007902296e-06	4.388900323883268e-08	4.3890002908918027e-08	13
1	0.33351825067103208	-1.0496295752566609	0.53313231635477853	9.7812450550633472e-06	3.9149441943068405e-08	4.3472190272669893e-08	11	1	0.33351825139510027	-1.0496295772030935	0.53313232198627314	9.7752428368406412e-06	4.3418430205154143e-08	4.3445513753757756e-08	11
1	0.33351837540774826	-1.0496265475351112	0.53312343012070851	1.91267765001434e-05	7.6467935431904478e-08	8.5007880615482744e-08	28	1	0.3335183768385635	-1.0496265559415412	0.53312345461379318	1.9100841451768645e-05	8.4874619756277184e-08	8.4892613754374773e-08	28
1	0.33351964415488111	-1.0496265486665917	0.53312330533667607	1.9216536746521924e-05	7.7598518158689655e-08	8.5406815769005538e-08	38	1	0.33351964389726613	-1.0496265561445259	0.53312332727900191	1.9193353741750682e-05	8.5075959841417606e-08	8.5303780209524707e-08	38
1	0.33352070035865045	-1.0496271805114894	0.53312505050471282	1.7406064262452323e-05	7.163626805422161e-08	7.7360272667818345e-08	35	1	0.33352069987537236	-1.0496271826302228	0.53312505676308763	1.7399439320179021e-05	7.7294201470270805e-08	7.7330828485231457e-08	35
1	0.33352081551058538	-1.0496295886430274	0.53313209662619554	1.0009740128946451e-05	4.3122105998154495e-08	4.4487725412528487e-08	16	1	0.33352081424583957	-1.0496295915275344	0.53313210520779974	1.000059879829315e-05	4.4404709211708721e-08	4.4447097284153615e-08	16
1	0.33352140668936309	-1.0496296476898019	0.53313220999103594	9.9847194621552382e-06	3.889845928724435e-08	4.4376522591651681e-08	30	1	0.33352140312281037	-1.0496296532839626	0.53313222674649197	9.966698353433481e-06	4.4265358682769285e-08	4.4296428790019371e-08	30
1	0.33352106580934737	-1.0496308321230887	0.53313571574318763	6.3026482650718145e-06	1.7317742061461604e-08	2.8011766119033568e-08	8	1	0.3335210626183816	-1.0496308358601756	0.53313572701801448	6.2903490844794515e-06	2.7945091902183013e-08	2.7957103101765526e-08	8
1	0.33352146705015639	-1.0496308499169866	0.53313572738228854	6.4026863308959295e-06	1.8028144641786446e-08	2.8456377778540336e-08	9	1	0.33352146325828658	-1.049630853449705	0.53313573811882276	6.3907644349231611e-06	2.8340262729771799e-08	2.8403391585587141e-08	9
1	0.3335218427141341	-1.0496308644090204	0.5331357319257447	6.5236792272397205e-06	2.1819124589874252e-08	2.8994123855021809e-08	10	1	0.33352183987106693	-1.0496308666281777	0.53313573871669995	6.5159899628505936e-06	2.8948941325003234e-08	2.8959949353466405e-08	10
1	0.33352224874876102	-1.0496308771275904	0.53313572820565303	6.6840998078743268e-06	1.8103107485656112e-08	2.9707106172617116e-08	13	1	0.3335222432736763	-1.0496308807607255	0.53313573940643699	6.6711138988283463e-06	2.9627612455276855e-08	2.9649391029644272e-08	13
1	0.33352265422156052	-1.0496308904883733	0.53313572642490292	6.8627765090249299e-06	2.0474834012524745e-08	3.0501222779501877e-08	15	1	0.33352264718856428	-1.0496308945391346	0.53313573900695965	6.8478038692331283e-06	3.0421601611033727e-08	3.0434677726775974e-08	15
1	0.33352134540377254	-1.0496317668850752	0.53313842711233528	3.7456522541186187e-06	1.4606899783089997e-08	1.6647340499182591e-08	8	1	0.33352134338427203	-1.0496317679189717	0.53313843034637798	3.7417017653363124e-06	1.6625965528101787e-08	1.6629782774126979e-08	8
1	0.33352135589813686	-1.0496318677663155	0.53313872171538979	3.4875027165794131e-06	1.1086784219165945e-08	1.5500010612745268e-08	8	1	0.33352135207058659	-1.049631869514617	0.53313872722576117	3.4805693983252445e-06	1.546022913782546e-08	1.5469195868149055e-08	8
1	0.33351509073953572	-1.0496309383406686	0.533134966782294	8.0438821201323605e-06	3.4987232019875359e-08	3.5750580786111842e-08	18	1	0.33351509148779579	-1.0496309386525384	0.53313496790759274	8.0424952337117614e-06	3.5734509104086354e-08	3.5744416847659982e-08	18
1	0.33351531182922861	-1.0496308489103132	0.53313458506378675	8.2640104640714081e-06	2.1412068015814021e-08	3.6728927996594194e-08	21	1	0.3335153199073313	-1.0496308526333415	0.53313459861311319	8.2478024093541654e-06	3.6637806379136438e-08	3.6656892212632693e-08	21
1	0.33351574679634238	-1.0496308599367081	0.53313456949463323	8.0668213722603682e-06	3.3130298173975884e-08	3.5852532527072961e-08	24	1	0.33351574982433085	-1.0496308614879593	0.53313457518592888	8.0601906893166988e-06	3.5800569354637259e-08	3.5823062830397256e-08	24
1	0.33351664243094209	-1.0496311210791009	0.53313547529517491	6.8290971492088937e-06	2.8740759984843016e-08	3.0351536964822696e-08	11	1	0.33351664426826655	-1.0496311221506445	0.53313547926095661	6.8245969937999195e-06	3.0331160135973365e-08	3.0331536277821593e-08	11
1	0.33351706045945245	-1.0496311382607695	0.53313548623207629	6.6553084253244865e-06	2.3980831118764968e-08	2.9579142508707334e-08	11	1	0.33351706476654491	-1.0496311411845143	0.53313549714853359	6.643214276759298e-06	2.9509795757093793e-08	2.9525390748430897e-08	11
1	0.33351745249241022	-1.0496311568465055	0.53313550621407868	6.5030243654393937e-06	2.7444030637149489e-08	2.890232464097964e-08	10	1	0.33351745290703178	-1.0496311571798433	0.53313550746902749	6.5016613091912788e-06	2.8891718854538487e-08	2.8896266614332547e-08	10
1	0.33351786881102402	-1.049631175785573	0.53313552429497313	6.367065327289408e-06	2.3862167563071679e-08	2.8298063479740466e-08	10	1	0.33351787089224777	-1.0496311778795657	0.53313553224934684	6.358580730529126e-06	2.8248092514415919e-08	2.8260354166836e-08	10
1	0.33351831753199856	-1.04963124182198	0.53313572323569147	6.0663515699918832e-06	1.3570355415970018e-08	2.6961557093422048e-08	6	1	0.33351832001999732	-1.0496312451867851	0.53313573613348242	6.0527918821079119e-06	2.6899770823869838e-08	2.6901291825910782e-08	6
1	0.33351868858682321	-1.0496312562444039	0.5331357296847602	5.999556281165048e-06	1.9578120573088083e-08	2.6664688955896395e-08	5	1	0.33351868949224867	-1.0496312580636373	0.53313573671773573	5.9922356136258315e-06	2.6611428091256607e-08	2.6632152662645298e-08	5
1	0.3335190842915568	-1.0496312676690358	0.53313572100237605	5.9691066600814e-06	1.1515172143314139e-08	2.6529357426599747e-08	5	1	0.33351908516116618	-1.0496312713840192	0.53313573549683568	5.9541184388404689e-06	2.645801965270746e-08	2.6462743123843014e-08	5
1	0.3335194812089316	-1.0496312785906223	0.5331357101769082	5.9670553028429315e-06	1.3318497582943027e-08	2.652024133388974e-08	6	1	0.33351948111436974	-1.049631281335524	0.53313572098635464	5.9559023839818152e-06	2.6446915275493331e-08	2.6470672813515057e-08	6
1	0.33351985104381371	-1.0496312956117677	0.53313572701239098	5.9611911297950617e-06	1.6906251232528831e-08	2.6494178078264361e-08	5	1	0.33351985034817433	-1.0496312980135205	0.5331357365535655	5.9513277440473135e-06	2.644687389296235e-08	2.6450340816520416e-08	5
1	0.33352024618514053	-1.0496313115004596	0.5331357359650184	5.9895865512358049e-06	2.5859032643626935e-08	2.6620380661020933e-08	5	1	0.33352024607947267	-1.0496313116864702	0.53313573671097969	5.9888105203295663e-06	2.6604130658456645e-08	2.6616931635053698e-08	5
1	0.33352061799189414	-1.0496313213457213	0.53313572430895417	6.0602013717237439e-06	1.4467275610182307e-08	2.6934223608244685e-08	6	1	0.33352061538893818	-1.0496313244714091	0.53313573695605909	6.0469162436042812e-06	2.6849338294041671e-08	2.6875178604906748e-08	6
1	0.33352101414735702	-1.0496313354006985	0.53313572591110603	6.1453545358581185e-06	1.5804505990224253e-08	2.731268296718362e-08	7	1	0.33352101101504744	-1.0496313381932598	0.53313573731964126	6.1331986944923512e-06	2.7239380663513941e-08	2.7258657013125976e-08	7
1	0.33352140872914871	-1.0496313504034116	0.53313573145457438	6.2501758200128832e-06	2.1363519651496444e-08	2.7778553598916767e-08	10	1	0.33352140653883977	-1.0496313519500153	0.53313573783468904	6.2432551755911898e-06	2.7727832407277483e-08	2.7747795185627292e-08	10
1	0.33352199786040748	-1.049631233783215	0.53313519291818934	6.9697931306914152e-06	2.0539854230529817e-08	3.0976854865558702e-08	23	1	0.33352199311037711	-1.0496312365833564	0.53313520457574726	6.9568973066606633e-06	3.0900453044586571e-08	3.0919540099005559e-08	23
1	0.33352220139231148	-1.0496313633697993	0.53313567504710624	6.5913683074321041e-06	1.5907938763125535e-08	2.9294964886077543e-08	18	1	0.33352219547383649	-1.0496313663256516	0.53313568747545526	6.5772889132598473e-06	2.9216267274031048e-08	2.9232389812293775e-08	18
1	0.3335225973996967	-1.0496313788662792	0.53313568234018804	6.7579577025934529e-06	2.7603502756771717e-08	3.003536167846137e-08	22	1	0.33352259391032091	-1.0496313803739721	0.53313568874327988	6.7505113284866962e-06	2.9994597806207288e-08	3.000226668874191e-08	22
1	0.33352140398766705	-1.0496319914927574	0.53313825372004364	3.867972491002699e-06	1.3909172210409492e-08	1.7190986500884553e-08	9	1	0.33352140090281329	-1.0496319926740671	0.53313825878454657	3.8619259204514942e-06	1.7161572608753402e-08	1.7164112857719135e-08	9
1	0.3335214707342124	-1.049632052288954	0.53313848380802598	3.7017561391600665e-06	1.4721046837644106e-08	1.6452245420003037e-08	15	1	0.33352146901911928	-1.0496320528731313	0.53313848633819594	3.698644134560817e-06	1.6436049434900327e-08	1.6438414291994678e-08	15
1	0.33351565991857096	-1.0496316338263687	0.53313573238237344	6.9747981143974002e-06	2.2330556334047792e-08	3.0999098911718951e-08	10	1	0.33351566513072994	-1.0496316353653252	0.53313574034580391	6.9651569922615304e-06	3.0937645221147198e-08	3.0956249485249875e-08	10
1	0.33351604841756477	-1.0496316472917615	0.53313573286078253	6.7700519943687498e-06	2.2755577672601536e-08	3.008911526064962e-08	10	1	0.33351605249848376	-1.0496316486188644	0.53313573981145845	6.7618833335561466e-06	3.0026189715180547e-08	3.0052810107420027e-08	10
1	0.33351641172622132	-1.0496316601341249	0.53313573477209319	6.5922629046717086e-06	2.7862633748786917e-08	2.9298941628721747e-08	9	1	0.33351641220754707	-1.0496316603074403	0.53313573569024786	6.5912118476264994e-06	2.9269701984766851e-08	2.9294270264556819e-08	9
1	0.33351679659072325	-1.0496316721996841	0.53313572778373153	6.4293680682628754e-06	1.767731302055571e-08	2.8574964651588973e-08	9	1	0.33351680146891549	-1.0496316741905252	0.53313573846172635	6.417460934910557e-06	2.8679719916896532e-08	2.852204406706029e-08	9
1	0.33351718442811706	-1.0496316852580487	0.53313572601062387	6.2798563243731936e-06	1.5915449515207242e-08	2.7910465846469762e-08	8	1	0.33351718907480365	-1.0496316874548308	0.53313573794175351	6.2668651934042485e-06	2.7838532335259196e-08	2.7852727500556708e-08	8
1	0.33351754680689361	-1.0496316975543698	0.53313572491169814	6.1584638833865104e-06	1.4805067425922404e-08	2.7370946546507987e-08	7	1	0.33351755088761442	-1.0496316998280608	0.53313573740758224	6.1451233764871472e-06	2.7301608619894855e-08	2.7311655413320423e-08	7
1	0.33351793538104602	-1.0496317108437223	0.53313572434359358	6.0491737067463679e-06	1.4238447426112674e-08	2.6885212061756587e-08	6	1	0.33351793863947027	-1.0496317131020965	0.53313573691569682	6.0359913162423155e-06	2.6809086800192273e-08	2.6826623669109665e-08	6
1	0.33351830004095356	-1.0496317019560453	0.53313559868661442	6.0925467534691472e-06	1.4065193888212456e-08	2.707798110904541e-08	7	1	0.33351830253040515	-1.0496317042575436	0.53313561166652845	6.0791313708418762e-06	2.7004908008173643e-08	2.7018357196028857e-08	7
1	0.33351866908308186	-1.0496317124137486	0.5331355854721439	6.0460790675752878e-06	2.5330712232228033e-08	2.6871458674857503e-08	5	1	0.33351866932496321	-1.0496317127424131	0.53313558734866595	6.0441586865426507e-06	2.6858371888998378e-08	2.6862923649685635e-08	5
1	0.33351906566036105	-1.0496317218006641	0.5331355604281941	6.0320432045548367e-06	1.7763834030405766e-08	2.6809075162524747e-08	6	1	0.33351906636410095	-1.0496317237778767	0.53313557186879856	6.0204116909026032e-06	2.6743242621562624e-08	2.6757379557711881e-08	6
1	0.33351946552489431	-1.0496317338601142	0.53313555037612781	6.0289605945257569e-06	1.5725468093657307e-08	2.6795374449581761e-08	6	1	0.3335194654473817	-1.0496317361101164	0.53313556357241487	6.0155736385898398e-06	2.6709948453080632e-08	2.673587688074896e-08	6
1	0.33351984000773738	-1.0496317450262211	0.53313554021318654	6.0508794824343236e-06	1.6356521529172989e-08	2.6892792899104762e-08	6	1	0.33351983915051603	-1.0496317471246075	0.53313555267865387	6.038209597367548e-06	2.6824279799464658e-08	2.6836482309023481e-08	6
1	0.33352024245352974	-1.04963175728809	0.53313553082600784	6.0985283421143027e-06	1.9325146242273452e-08	2.710456693967319e-08	6	1	0.33352024102335132	-1.0496317590319271	0.53313554133013275	6.087784830196863e-06	2.7049392127316224e-08	2.7056818004081326e-08	6
1	0.33352057822685205	-1.0496318025081985	0.53313572796549613	5.9540255061960348e-06	1.7883092754572334e-08	2.6462331287397536e-08	5	1	0.33352057652690326	-1.049631803907525	0.53313573650589918	5.9452058436184327e-06	2.6399866553908744e-08	2.6423132792933168e-08	5
1	0.33352096664846931	-1.0496318159496008	0.53313572831910805	6.0385023242377709e-06	1.8212247406800663e-08	2.6837784736590223e-08	6	1	0.33352096436906897	-1.0496318173314929	0.53313573687431914	6.0295414677752691e-06	2.6772151085118521e-08	2.679795871278824e-08	6
1	0.33352134150779073	-1.0496318358348395	0.5331357691571198	6.1032596045201689e-06	2.6521649274315456e-08	2.7125594047337191e-08	13	1	0.33352134094779706	-1.0496318361019106	0.53313577083464958	6.1014710221139667e-06	2.7106403298930584e-08	2.7117644793461965e-08	13
1	0.33352136656836567	-1.0496319808318793	0.53313661350097674	5.3055880313929191e-06	1.3177615192429491e-08	2.3580388084749165e-08	7	1	0.33352136241241614	-1.049631982477	0.5331366239769032	5.2941984128546349e-06	2.3522792829107806e-08	2.3529767565060018e-08	7
1	0.33352161847873418	-1.0496320178074523	0.53313677926812042	5.2480851923135134e-06	1.3041933579533726e-08	2.3324818154945345e-08	8	1	0.33352161391683027	-1.0496320193282496	0.53313678909767892	5.2371424293672115e-06	2.3255867432737493e-08	2.3276183662907431e-08	8
1	0.33352193600645347	-1.0496320287926639	0.53313677954012628	5.3864800593975996e-06	1.9663918911159367e-08	2.3939906693333089e-08	10	1	0.33352193287121412	-1.0496320296916433	0.53313678543912313	5.3797394310298671e-06	2.3896715464481274e-08	2.3909948350766611e-08	10
1	0.33352222245104229	-1.0496320415419769	0.53313679641881695	5.5094944851491021e-06	2.0082246380507479e-08	2.448663728971229e-08	12	1	0.3335222198273502	-1.0496320422051102	0.53313680083297788	5.5043168087240175e-06	2.4442824752846622e-08	2.4463625398978048e-08	12
1	0.333522542386889	-1.0496320516818207	0.5331367912523024	5.681342860507727e-06	1.4862135439431473e-08	2.5250408796431449e-08	20	1	0.33352253557443184	-1.0496320532044277	0.53313680154664578	5.6689049564372128e-06	2.5175487064302144e-08	2.5195129231316462e-08	20
1	0.33351571498014071	-1.0496320979351719	0.53313572817876465	6.8895587434399777e-06	1.8072204440297027e-08	3.0620257601560071e-08	20	1	0.33351572279952868	-1.0496320993014634	0.53313574031155253	6.8750599789651601e-06	3.0525596675356225e-08	3.0555818655796797e-08	20
1	0.33351610195100434	-1.0496321122034342	0.53313573854276319	6.6785002389396567e-06	2.8961239571206393e-08	2.9682218358058453e-08	19	1	0.33351610236343804	-1.0496321122821093	0.53313573925581914	6.6776727485801298e-06	2.9660007196599121e-08	2.9678540623635028e-08	19
1	0.33351645350119474	-1.0496321237212236	0.53313573198390629	6.5151060749159377e-06	2.187714929801581e-08	2.895602203244359e-08	20	1	0.33351645696789822	-1.0496321244472024	0.53313573869286868	6.5075195557027517e-06	2.8906382137720976e-08	2.8922304174897189e-08	20
1	0.33351683290719625	-1.0496321365271306	0.53313572905662121	6.3521193461883473e-06	2.5478704745211058e-08	2.8231636825006875e-08	21	1	0.33351683407964661	-1.0496321368027397	0.53313573165833106	6.3492523797261415e-06	2.8210898582904259e-08	2.8218894753662294e-08	21
1	0.33351721306241783	-1.049632149444067	0.53313572707055412	6.2069446512790992e-06	1.696492244915075e-08	2.7586417068765143e-08	12	1	0.33351721712150589	-1.0496321505381707	0.53313573762556754	6.1955832428427152e-06	2.7519581508880434e-08	2.7535921926919255e-08	12
1	0.33351756422319578	-1.0496321602856356	0.53313571317912312	6.1024256646937718e-06	1.6522017156041134e-08	2.7121887380687976e-08	6	1	0.3335175679140423	-1.0496321614462223	0.53313572460981007	6.0903579406577038e-06	2.7056061970845944e-08	2.7068253060774944e-08	6
1	0.33351795055806788	-1.0496321751322124	0.53313573018379146	5.9777289385754709e-06	2.0077091348762482e-08	2.6567681180081121e-08	5	1	0.33351795221654057	-1.0496321757732103	0.53313573664181302	5.9710306206042816e-06	2.6537739222835464e-08	2.6537910881683176e-08	5
1	0.33351830624551487	-1.0496321754607609	0.53313559828421353	6.0286198501177054e-06	1.3623791407848175e-08	2.6793860909105788e-08	6	1	0.33351830874188149	-1.049632176730096	0.533135611372901	6.0152349008653581e-06	2.6711454509806727e-08	2.6734372257227047e-08	6
1	0.3335183897533921	-1.0496319821218409	0.5331334279726283	8.1682871838288539e-06	2.6704093282588014e-08	3.6303493504295067e-08	19	1	0.33351839127917182	-1.0496319832433136	0.53313343979567229	8.1563134578057453e-06	3.6248645914179325e-08	3.6250276951794014e-08	19
1	0.33351861399749433	-1.0496315465861694	0.5331285251343677	1.304936716390719e-05	2.8120583856593743e-08	5.7997177267599168e-08	38	1	0.33351861584786507	-1.0496315493065707	0.53312855451922203	1.3019798693825451e-05	5.7827256565895977e-08	5.786576186788581e-08	38
1	0.33351947096041318	-1.0496315760802695	0.53312852482132389	1.3021479036154287e-05	2.7807801713832354e-08	5.7873229568012507e-08	27	1	0.33351947086864564	-1.0496315787440575	0.53312855432003359	1.2991860150466361e-05	5.7701530413446197e-08	5.7741590100629079e-08	27
1	0.33352002750840581	-1.0496319347793455	0.53313228026536985	9.2681918138531412e-06	1.9898668194360655e-08	4.1191955668128046e-08	14	1	0.33352002615832227	-1.0496319366168623	0.53313230110429666	9.2472285069728123e-06	4.1058651662891891e-08	4.1098785433488365e-08	14
1	0.33352036874210428	-1.0496321313941388	0.5331343249626801	7.2558067665698391e-06	1.5668207333253812e-08	3.2248025420388622e-08	23	1	0.333520366624595	-1.0496321327840561	0.53313434114321057	7.2394291794145012e-06	3.2165058043726709e-08	3.2175236154872825e-08	23
1	0.3335205416426455	-1.0496322637640987	0.53313572320318425	5.8961020862392719e-06	1.7885290720219596e-08	2.6204893444885084e-08	5	1	0.33352054010215226	-1.049632264434369	0.53313573120394142	5.8879268479425059e-06	2.6155934705891137e-08	2.6168559059059034e-08	5
1	0.33352105593375192	-1.0496322349926861	0.53313520899976508	6.5114152056067729e-06	2.8265648665981872e-08	2.8939618012617095e-08	12	1	0.33352105584388109	-1.0496322350210068	0.53313520934726033	6.5110551613934007e-06	2.8930872072630658e-08	2.8938017816458783e-08	12
1	0.33352131739309332	-1.0496322868300472	0.53313568273713818	6.12669858441502e-06	7.7918764569326262e-09	2.7229766930859117e-08	9	1	0.33352130830164733	-1.0496322890482124	0.53313571073617572	6.0971770491781301e-06	2.7091735007786417e-08	2.7098560129638775e-08	9
1	0.333521336477898	-1.049632366879045	0.53313656087453776	5.3016422181249812e-06	2.3532492209346248e-08	2.3562849870220255e-08	7	1	0.33352133645133275	-1.0496323668843459	0.53313656094329176	5.3015683200682129e-06	2.3559528250834112e-08	2.3562521434358151e-08	7
1	0.33352155936546085	-1.0496323951513309	0.5331367886588716	5.1759752254887587e-06	1.2269067304184093e-08	2.3004330733272979e-08	6	1	0.33352155457259486	-1.0496323959439053	0.53313679925171853	5.1643215484249679e-06	2.2950760422954154e-08	2.2952536621432417e-08	6
1	0.33352186820305024	-1.0496324061501179	0.53313679263408809	5.3062195501973647e-06	1.6244443188881709e-08	2.3583193530816836e-08	8	1	0.33352186442735299	-1.0496324066783449	0.53313679991543761	5.2980004876400271e-06	2.3525587359127854e-08	2.3546664370627145e-08	8
1	0.33352219387917797	-1.049632411799442	0.53313673102122972	5.5162484057755772e-06	1.3950075047221154e-08	2.4516655480900299e-08	10	1	0.33352218854225851	-1.0496324124471768	0.5331367402193371	5.505594416622534e-06	2.4457065275339812e-08	2.4469304425447861e-08	10
1	0.33352246650190792	-1.0496324270784398	0.53313679613824561	5.6021399188534893e-06	1.97484824960039e-08	2.4898394550316666e-08	14	1	0.33352246319738516	-1.0496324274268585	0.53313680125122798	5.5960420610394026e-06	2.4861294153205633e-08	2.4871292965477126e-08	14
1	0.33351644485711274	-1.0496325823992743	0.53313679027899075	5.5733198838674785e-06	1.8954472046431835e-08	2.4770306661992152e-08	9	1	0.3335164493364004	-1.0496325826464705	0.5331367973347948	5.5649586927747172e-06	2.4728285124708558e-08	2.4733145818460217e-08	9
1	0.33351675376618017	-1.0496325931341652	0.53313679733619923	5.4076710836353646e-06	2.1085362580960598e-08	2.4034090177234005e-08	8	1	0.33351675543733139	-1.0496325932303312	0.5331368002679826	5.4042950872743791e-06	2.401273691891926e-08	2.4019085751205674e-08	8
1	0.33351703631138102	-1.0496326028267189	0.53313679421799554	5.2760290529087146e-06	1.7828253906485859e-08	2.344901358989026e-08	7	1	0.33351703914959629	-1.0496326029978273	0.53313679978849748	5.2697748343455707e-06	2.3398910573952947e-08	2.342121706785688e-08	7
1	0.33351727541253057	-1.0496326091238624	0.5331366468536286	5.3059996652119281e-06	1.4052212686005375e-08	2.3582215934875748e-08	6	1	0.3335172794283065	-1.0496326093810884	0.53313665588428905	5.2961130333836646e-06	2.352683387472425e-08	2.3538275357809948e-08	6
1	0.33351733512424547	-1.0496326023619129	0.53313597693672188	5.9028951629679273e-06	2.1775794934973205e-08	2.623508624789659e-08	12	1	0.3335173397057089	-1.0496326026785194	0.53313598899774695	5.8899894117440619e-06	2.6162965086877208e-08	2.6177727360820167e-08	12
1	0.33351759095216732	-1.0496326079622496	0.53313573287053218	6.048820387528806e-06	2.3302669832604291e-08	2.6883641088185827e-08	6	1	0.33351759214270366	-1.0496326080523397	0.533135736598495	6.0449059008593303e-06	2.6859349020363186e-08	2.6866243373083293e-08	6
1	0.33351796310612647	-1.0496326207167352	0.53313572784197127	5.9508000206300014e-06	1.773560944289962e-08	2.644799533229956e-08	5	1	0.33351796531220279	-1.0496326209068341	0.5331357365093109	5.9418543113053399e-06	2.6402480839172651e-08	2.6408236631360842e-08	5
1	0.33351831464879989	-1.0496326312856448	0.53313561072610494	5.9887783381999075e-06	2.6064576439360899e-08	2.6616787671947499e-08	5	1	0.333518314751786	-1.0496326312963395	0.5331356112689889	5.9882256686841342e-06	2.6607409423148113e-08	2.6614331363312226e-08	5
1	0.33351838924089017	-1.0496326051893716	0.53313343316966399	8.1285320485253887e-06	3.023265692403564e-08	3.6126803772527707e-08	21	1	0.33351839020174479	-1.0496326053203768	0.53313344060672696	8.1210320268600516e-06	3.6059979821715731e-08	3.6093470347486772e-08	21
1	0.33351842935286435	-1.0496325079191151	0.5331259392748543	1.558822425503828e-05	4.4756124475075257e-08	6.928098614129473e-08	57	1	0.33351843143731708	-1.0496325084171991	0.53312597165592246	1.5555772337941336e-05	6.9097264815152988e-08	6.9136755420365104e-08	57
1	0.33351943964335179	-1.0496324851383829	0.53312156491314711	1.993028102866211e-05	7.3853585507614323e-08	8.8579015310039857e-08	58	1	0.33351943963466124	-1.0496324853906491	0.53312158409878296	1.9911093729858317e-05	8.8459185574734163e-08	8.8493738437858436e-08	58
1	0.33351999233142005	-1.049632645215365	0.53313227849714462	9.2326385136402652e-06	2.0068405789492346e-08	4.1033942504742933e-08	17	1	0.33351999103886548	-1.0496326454499783	0.53313229970157683	9.2113934241361668e-06	4.0907713079802788e-08	4.0939519899580254e-08	17
1	0.33352026542747287	-1.0496326885613365	0.53313485651678105	6.6895041508129171e-06	2.8299484538015932e-08	2.9731125038156535e-08	19	1	0.3335202643675626	-1.0496326886357523	0.53313486494332285	6.6810108842795016e-06	2.9679973712527483e-08	2.9693377192717371e-08	19
1	0.33352050766980124	-1.0496327081652488	0.53313571175345043	5.8813084619005265e-06	2.9897302268786358e-09	2.6139143923997758e-08	4	1	0.33352050325670551	-1.049632708325078	0.53313573544331727	5.8572105166023802e-06	2.601852715120908e-08	2.6032041964921167e-08	4
1	0.33352087706127997	-1.0496327211744314	0.53313573330226427	5.9390561930046462e-06	2.3198144880976687e-08	2.6395800616683448e-08	5	1	0.33352087626860094	-1.0496327211886791	0.53313573645894263	5.9358014786451931e-06	2.6355108460850676e-08	2.638133522241552e-08	5
1	0.33352125208535593	-1.0496327340265614	0.53313572818034827	6.0461943959805261e-06	2.5630397486484783e-08	2.6871969595230521e-08	8	1	0.33352125155568485	-1.0496327340303844	0.53313572985685531	6.0444362028961879e-06	2.6841561729024455e-08	2.6864155404982329e-08	8
1	0.33352135557416102	-1.049632746171125	0.53313637989715901	5.4638878350129625e-06	2.175387045576218e-08	2.4283941591694606e-08	10	1	0.33352135148621792	-1.0496327461732526	0.5331363907566079	5.4522844320197144e-06	2.4228256585561876e-08	2.4232370920808164e-08	10
1	0.33352151549169157	-1.0496327567988071	0.53313676871528626	5.1643087715810311e-06	1.7624705984026199e-08	2.2952479605569877e-08	7	1	0.33352151319977352	-1.0496327567882253	0.53313677390923853	5.1586316111205087e-06	2.2918238960131821e-08	2.2927247785385191e-08	7
1	0.33352180612072585	-1.0496327672182377	0.53313679964897676	5.2607373185763309e-06	2.3259092952803397e-08	2.3381051797982767e-08	9	1	0.33352180606188686	-1.0496327672177412	0.53313679976523809	5.2606070151000335e-06	2.3375323687088271e-08	2.3380472671848111e-08	9
1	0.33352209538585764	-1.0496327770609528	0.53313679034621275	5.4056676997802575e-06	1.3956793978832199e-08	2.4025186239182862e-08	12	1	0.33352208971527636	-1.0496327769973517	0.53313680035436817	5.3941645371600269e-06	2.3965408034532611e-08	2.39740610793738e-08	12
1	0.33352239960044266	-1.0496327875550817	0.53313679140423365	5.5611061153420296e-06	1.5523928485625754e-08	2.4716023209036345e-08	14	1	0.33352239370948983	-1.0496327874749571	0.53313680073389913	5.5500719663559857e-06	2.4648763987122256e-08	2.4666982555036764e-08	14
1	0.33351620040664287	-1.0496329731012546	0.53313632550020629	6.0986222161054222e-06	2.3053989649140285e-08	2.7104982046461482e-08	15	1	0.33351620692577849	-1.0496329726452913	0.53313633593007925	6.0863141153187293e-06	2.7037871331325837e-08	2.7050279387703266e-08	15
1	0.33351679118960703	-1.0496329629662264	0.53313679274275905	5.3953642606926548e-06	1.9650170964157532e-08	2.397939335135981e-08	8	1	0.33351679481667423	-1.0496329626696861	0.53313679920243573	5.3879500183122346e-06	2.3942494086621985e-08	2.3946441167368506e-08	8
1	0.33351706835743938	-1.049632972729192	0.53313678945340837	5.2686710383620865e-06	1.3925536774833997e-08	2.3416311876641364e-08	7	1	0.3335170733198945	-1.0496329722553603	0.53313679933524505	5.257603011811518e-06	2.3353837583295766e-08	2.336712065522396e-08	7
1	0.33351729491486554	-1.0496329913023521	0.53313662442251053	5.3224450917797059e-06	1.5381588904338296e-08	2.3655307857725988e-08	6	1	0.3335172983181009	-1.0496329909133326	0.53313663218132179	5.3139637875392461e-06	2.3598842948911891e-08	2.3617613178075028e-08	6
1	0.33351733757092861	-1.0496330391812803	0.53313591316566278	5.9670665375690173e-06	2.3542739792086304e-08	2.652029072721321e-08	10	1	0.33351734036261127	-1.0496330387918027	0.53313592060861226	5.9591077245168628e-06	2.6472724922423065e-08	2.648491823129062e-08	10
1	0.33351759640575906	-1.0496330630087531	0.53313568465186101	6.0997070161376423e-06	1.9405568580830298e-08	2.7109804234858453e-08	6	1	0.33351759876447412	-1.049633062602602	0.53313569212174505	6.0918630576742054e-06	2.7047895442839331e-08	2.7074942203274974e-08	6
1	0.33351797613676809	-1.049633073354346	0.53313572658169794	5.9564151469915045e-06	1.6475070683323163e-08	2.6472951943443477e-08	5	1	0.33351797861552496	-1.0496330727984602	0.53313573640975431	5.9462640894113647e-06	2.6409728790047557e-08	2.6427836139288617e-08	5
1	0.33351831969920009	-1.0496330931203239	0.53313560504780522	6.002275190718849e-06	2.048081630135325e-08	2.6676774337806621e-08	5	1	0.33351832084394956	-1.0496330927638409	0.53313561111555308	5.9960901194276232e-06	2.6636256721608451e-08	2.6649285136121368e-08	5
1	0.33351823900624128	-1.0496333072361601	0.53313228096990728	9.3061127337169643e-06	2.0610321783977919e-08	4.1360494377396515e-08	21	1	0.33351824163617738	-1.0496333060000758	0.53313230130229616	9.2855737307373641e-06	4.125650362253785e-08	4.1269209934561091e-08	21
1	0.3335184082704471	-1.0496337258103925	0.53312595539022523	1.560239843931607e-05	4.1247458789649455e-08	6.934398057459893e-08	46	1	0.33351841037244734	-1.0496337237982591	0.53312598733738126	1.5570319034159417e-05	6.9146841504836397e-08	6.9201405466273981e-08	46
1	0.33351935312806708	-1.0496349964665934	0.53310698054535699	3.4586234690608483e-05	6.0444064911818423e-08	1.5371656332680972e-07	74	1	0.33351935333381355	-1.0496349904942732	0.53310707218399955	3.4494401387197702e-05	1.5324357516795087e-07	1.5330841540516345e-07	74
1	0.33352000395514708	-1.0496334224509734	0.53313144705858972	1.0085389594332148e-05	4.3337904914525184e-08	4.4823943802057096e-08	30	1	0.33352000279795119	-1.0496334210880292	0.53313146733571126	1.0065033795146284e-05	4.4693736409498235e-08	4.4733473603476633e-08	30
1	0.33352031404210802	-1.0496332554994148	0.5331341694258761	7.3946220331510049e-06	2.2428925068036781e-08	3.2864980546281727e-08	16	1	0.33352031210560878	-1.0496332543851461	0.53313418548042069	7.3784127726273386e-06	3.278457250583745e-08	3.2792939402242849e-08	16
1	0.33352047164581033	-1.0496331605467437	0.53313570785567388	5.8930407959531569e-06	5.483803913728495e-09	2.6191287911849372e-08	4	1	0.33352046733713753	-1.0496331588358485	0.5331357318014931	5.8686503410757641e-06	2.6078204846105263e-08	2.6082885909070549e-08	4
1	0.33352083885626232	-1.0496331730710078	0.53313570978816582	5.9678703913035604e-06	2.3213792042018246e-08	2.6523865400763087e-08	6	1	0.33352083738125093	-1.0496331726249157	0.53313571584607633	5.9616195556807948e-06	2.647775934859143e-08	2.6496083912503328e-08	6
1	0.33352120216589792	-1.0496331846841191	0.53313572362605743	6.051518708136923e-06	1.3519473353808113e-08	2.6895634662644642e-08	8	1	0.33352119816685349	-1.0496331836964943	0.53313573665072767	6.0378581865525204e-06	2.6812967949559039e-08	2.6834921242505969e-08	8
1	0.33352133670546552	-1.0496331523271012	0.53313629055373168	5.5558655551012621e-06	2.33101308766321e-08	2.4692731594197833e-08	10	1	0.33352133544083379	-1.0496331520582938	0.53313629400570506	5.5521794087134853e-06	2.4675349864668183e-08	2.467634872387711e-08	10
1	0.33352148008727073	-1.0496331288432454	0.53313672616190699	5.2031924469641813e-06	1.2670067963231017e-08	2.3125295088382037e-08	7	1	0.33352147562942458	-1.0496331280130666	0.53313673653136917	5.1918748771105891e-06	2.3054619694041834e-08	2.3074994788208989e-08	7
1	0.33352175449343441	-1.0496331345199106	0.53313678404075349	5.2658474118381558e-06	1.2235828469233078e-08	2.3403761469597897e-08	8	1	0.33352174935146939	-1.0496331336628411	0.5331367944611427	5.2541958480429664e-06	2.3348273078594092e-08	2.3351976752103449e-08	8
1	0.33352268086275699	-1.0496332428105957	0.53313561350418082	6.7367450487859502e-06	2.5438597972462322e-08	2.9941084783345854e-08	22	1	0.33352267829342941	-1.0496332424187929	0.53313561815230526	6.7314196358807921e-06	2.9893289994105949e-08	2.9917416284931225e-08	22
1	0.33352301580137828	-1.0496332502481154	0.53313567635953296	6.8516705925741926e-06	2.7263809375512821e-08	3.0451864555398726e-08	24	1	0.33352301297741982	-1.0496332498518559	0.53313568094151942	6.8462737072188322e-06	3.0409810140383381e-08	3.0427878401853997e-08	24
1	0.3335162052669654	-1.0496333519135517	0.53313625849548041	6.1784729004859459e-06	1.5144397982190928e-08	2.7459875148788314e-08	18	1	0.33351621185903141	-1.0496333506775646	0.53313626919487267	6.1658451514578699e-06	2.7388738295225489e-08	2.7403751829008081e-08	18
1	0.33351682845462177	-1.0496333001401745	0.53313679410958448	5.4000913547904926e-06	1.7865832395397119e-08	2.400040214003047e-08	9	1	0.33351683190894804	-1.0496332994061197	0.53313680034790312	5.3929228233925963e-06	2.3957900864606743e-08	2.3968542005600837e-08	9
1	0.333517104747864	-1.0496333089265579	0.53313679946132175	5.2686743681072854e-06	2.3072292509426718e-08	2.3416326211345415e-08	7	1	0.33351710491612013	-1.04963330888592	0.5331367998008919	5.2682932257871726e-06	2.3412366305238952e-08	2.3414632245559275e-08	7
1	0.33351731401261825	-1.0496333425271092	0.5331366064638271	5.3588495095714061e-06	1.3169821755235936e-08	2.3817104211024853e-08	7	1	0.3335173186374058	-1.049633341226258	0.53313661714194882	5.3471404015358046e-06	2.3743478285998666e-08	2.3765063741068088e-08	7
1	0.33351733726138894	-1.049633447216602	0.53313584673715908	6.0628183272066293e-06	2.3267869673168541e-08	2.6945854300760298e-08	12	1	0.33351734097037539	-1.0496334459762713	0.53313585674198183	6.0520762827053059e-06	2.6884906620382679e-08	2.6898111889244486e-08	12
1	0.33351763051655242	-1.0496334728763961	0.53313573296867001	6.078680862886537e-06	2.3034109061740984e-08	2.7016353321056783e-08	6	1	0.3335176318009731	-1.0496334723585867	0.53313573707894402	6.0743435568777985e-06	2.6979879881455164e-08	2.6997076409543942e-08	6
1	0.33351798976548191	-1.0496334853302856	0.53313573240084267	5.9842140674186237e-06	2.2294292487070088e-08	2.6596503793888274e-08	5	1	0.33351799083004102	-1.0496334847849049	0.53313573665735237	5.9797926869186342e-06	2.6558420914737624e-08	2.6576853216186618e-08	5
1	0.33351832374697304	-1.0496335153719596	0.53313559684880107	6.0485872267605704e-06	1.3590451223382708e-08	2.6882605134232097e-08	6	1	0.33351832622986971	-1.0496335136487582	0.53313561007592158	6.0350192136067576e-06	2.6797169573072213e-08	2.6822302864223405e-08	6
1	0.33351838364404879	-1.0496338167927413	0.5331334076761155	8.2231544811140909e-06	1.8303797124940196e-08	3.6547347977321978e-08	21	1	0.3335183859524099	-1.049633814434447	0.53313342550364218	8.2050240954386471e-06	3.6451647156155551e-08	3.6466768497029607e-08	21
1	0.333518776748366	-1.0496340572959295	0.53313174793477602	9.8549175546014792e-06	4.357031474572013e-08	4.3799625019519528e-08	30	1	0.33351877730305562	-1.0496340561845252	0.53313175620211162	9.84655742508399e-06	4.3756914073002287e-08	4.3762468895672923e-08	30
1	0.33351936893991402	-1.0496345374869676	0.53312838553401332	1.3229776653142151e-05	5.7113128093898629e-08	5.8798997748440084e-08	36	1	0.33351936898226514	-1.0496345362576169	0.53312839453480709	1.3220692193295107e-05	5.8724533906347003e-08	5.8758622377587047e-08	36
1	0.33351992666137481	-1.0496340315634758	0.53313222580960462	9.3693771565488131e-06	2.8147778413601113e-08	4.1641667585397519e-08	17	1	0.33351992571895817	-1.0496340291233126	0.53313224341686283	9.3515766448043695e-06	4.1537148148941543e-08	4.1562554216259009e-08	17
1	0.33352028230032627	-1.0496337812585743	0.53313414586312557	7.4687348974425341e-06	2.5504233818753905e-08	3.319437115746745e-08	28	1	0.33352028128550992	-1.0496337800264193	0.53313415461809543	7.4598355949463944e-06	3.3125299732435087e-08	3.3154818709271121e-08	28
1	0.33352043990923896	-1.0496335744845608	0.53313569768823343	5.9408907811503624e-06	2.2690928459529322e-08	2.6403953063572315e-08	5	1	0.33352043887536076	-1.0496335736370968	0.5331357036251908	5.9348051770105862e-06	2.6354383322693161e-08	2.6376905939681518e-08	5
1	0.33352079250964423	-1.0496335814334345	0.53313573570263684	5.9751660638023022e-06	2.5595953125509409e-08	2.6556287714329237e-08	5	1	0.33352079228801285	-1.0496335812976689	0.53313573663964198	5.9741936792352845e-06	2.6532920646944486e-08	2.6551966005922055e-08	5
1	0.33352115324444215	-1.0496335945536679	0.53313573063546837	6.0741862344363457e-06	2.0528671047900043e-08	2.6996379532935628e-08	7	1	0.33352115132512228	-1.0496335936095322	0.53313573705630657	6.0674184905500688e-06	2.6949553899288044e-08	2.6966300675581618e-08	7
1	0.33352133684103724	-1.0496335426924015	0.53313615614483656	5.7230731168841709e-06	2.31700598058954e-08	2.5435874759450594e-08	12	1	0.33352133460550198	-1.0496335417594518	0.53313616240420936	5.7163613525241444e-06	2.5404667444740526e-08	2.5406044702230839e-08	12
1	0.33352145551093343	-1.0496334769251818	0.5331366669904597	5.2846586855888721e-06	1.6046527226826191e-08	2.348736954389342e-08	9	1	0.33352145240570069	-1.0496334758060863	0.53313667439199652	5.276554513499874e-06	2.3447057496172882e-08	2.3451351004779739e-08	9
1	0.3335216198287887	-1.0496334437693813	0.53313695085119961	5.0905074039644424e-06	2.1504315003210744e-08	2.2624472984576982e-08	17	1	0.33352161648528228	-1.0496334427054943	0.53313695778897496	5.0827328531270983e-06	2.2568061881707958e-08	2.2589919431930909e-08	17
1	0.33352185287946506	-1.0496334438328634	0.53313700910091189	5.1441463229517403e-06	2.1440680419983122e-08	2.2862868717594215e-08	22	1	0.33352184809717578	-1.0496334424574434	0.53313701795442336	5.1339902030626512e-06	2.281644999351886e-08	2.2817730414565237e-08	22
1	0.3335222451452648	-1.0496334828757765	0.53313682240761506	5.5028756296272498e-06	1.5005560936925828e-08	2.4457219758423903e-08	21	1	0.3335222395545196	-1.0496334814143855	0.53313683168614878	5.491944786371614e-06	2.4388083574968141e-08	2.4408638243156776e-08	21
1	0.33351713034440572	-1.0496334466844051	0.53313770706135455	4.485246774018497e-06	1.9089157464166376e-08	1.9934427762773401e-08	8	1	0.33351713182670861	-1.0496334462336374	0.533137709501327	4.4823564659820657e-06	1.9910532453437802e-08	1.9921581950565411e-08	8
1	0.33351719837821892	-1.049633510760553	0.53313740691144262	4.7186751412348041e-06	1.9058656219660798e-08	2.0971886306609841e-08	9	1	0.33351720038836352	-1.0496335100729375	0.53313741059141184	4.7144259441992258e-06	2.0951001345403503e-08	2.0953000989358506e-08	9
1	0.33351727028424555	-1.0496335812735333	0.53313707611285122	4.9875627592670615e-06	1.9997361858943047e-08	2.2166942382389653e-08	10	1	0.33351727246796209	-1.0496335804304042	0.53313708057802101	4.982521208622238e-06	2.2137587848754668e-08	2.2144535493723846e-08	10
1	0.33351733552163582	-1.0496336822766354	0.53313659595075147	5.4082819581499083e-06	2.1446720012054427e-08	2.4036805070692893e-08	11	1	0.33351733808988626	-1.0496336811303482	0.533136601954322	5.4016522706307102e-06	2.4004429162336451e-08	2.4007339797053795e-08	11
1	0.33351733718310927	-1.0496338497818727	0.53313578179905108	6.1823435107646028e-06	2.312072728715544e-08	2.7477077680010762e-08	13	1	0.33351734150271301	-1.0496338475067422	0.53313579358454422	6.1695868224345898e-06	2.7417276812971938e-08	2.7420381296728243e-08	13
1	0.33351762611704033	-1.0496338847892988	0.53313565998457257	6.2112733581671876e-06	2.3024190995573637e-08	2.7605655018269238e-08	7	1	0.33351762777599686	-1.0496338837434374	0.53313566534755286	6.2055630577185072e-06	2.7567678280139093e-08	2.7580275909399839e-08	7
1	0.33351799953706673	-1.0496338843787592	0.53313572452933544	6.0516014786414389e-06	1.4423399787486353e-08	2.6896001060904705e-08	6	1	0.33351800261584552	-1.0496338819322104	0.53313573694044636	6.0385822534579661e-06	2.6833758466575515e-08	2.683813784992164e-08	6
1	0.33351832977607038	-1.0496339213161416	0.53313560025095263	6.1090482579717834e-06	1.9699635400009162e-08	2.7151320157927231e-08	6	1	0.33351833125227476	-1.0496339197416393	0.53313560815363581	6.1008561481132272e-06	2.710466067805372e-08	2.7114910787747089e-08	6
1	0.33351837703020221	-1.0496343827085532	0.53313336481988072	8.358226531472622e-06	8.4671068596802291e-10	3.7147666049556651e-08	18	1	0.33351838493217151	-1.0496343704419215	0.53313342578530409	8.2955392457758309e-06	3.685937398105495e-08	3.6869055946496789e-08	18
1	0.33351879851081428	-1.0496346275876325	0.53313224478614829	9.4590504524404385e-06	2.4657649383186716e-08	4.2040218844639842e-08	19	1	0.33351879988325911	-1.0496346235048242	0.53313226486714038	9.4385126998721135e-06	4.1935264345419436e-08	4.1948939956093513e-08	19
1	0.33351936524557724	-1.0496346447246041	0.53313225639132888	9.4301950860557705e-06	2.086440381496691e-08	4.1911969102886986e-08	17	1	0.33351936539476656	-1.0496346403940016	0.53313227747223224	9.4086734443467279e-06	4.1801070682155702e-08	4.1816317382577195e-08	17
1	0.33351989233175683	-1.0496346582612028	0.533132278862403	9.4220170706236391e-06	3.972461864740735e-08	4.1875624369640245e-08	23	1	0.33351989222611955	-1.0496346578239593	0.53313228097064003	9.419861378965613e-06	4.1831860042888721e-08	4.1866043519862266e-08	23
1	0.33352026234133553	-1.049634311732212	0.53313402570376145	7.6750974523397975e-06	3.1707638106579309e-08	3.4111537822028987e-08	22	1	0.33352026060236439	-1.0496343084610309	0.53313404131736375	7.6590503554295487e-06	3.4013974373937155e-08	3.4040217404617619e-08	22
1	0.33352041209153405	-1.0496339785547739	0.53313567073730694	6.0318975319295207e-06	2.1526890955857394e-08	2.6808428735556124e-08	6	1	0.33352041109535069	-1.049633977304939	0.53313567664729433	6.0257752421444934e-06	2.6774381182252745e-08	2.6781218563349179e-08	6
1	0.33352075622226723	-1.0496339791172911	0.53313572564358491	6.0450571731943766e-06	2.1759055586969402e-08	2.6866916307926779e-08	6	1	0.33352075525027697	-1.0496339782139776	0.53313572987279645	6.0406246820630597e-06	2.6834754484068274e-08	2.6847216350947381e-08	6
1	0.33352111124811257	-1.0496339925068623	0.53313572000941734	6.1407008673833428e-06	2.0223377130567336e-08	2.7291998170852068e-08	7	1	0.33352110901346932	-1.0496339908510106	0.53313572768606443	6.132535917053568e-06	2.7228686346525689e-08	2.7255709510348067e-08	7
1	0.33352135639403174	-1.0496339507550176	0.53313596407406427	5.9775770960365496e-06	1.9994041479719654e-08	2.6567004543892432e-08	11	1	0.33352135384216441	-1.049633949160139	0.53313597140111768	5.9696561491618526e-06	2.6516177281568182e-08	2.6531800341983797e-08	11
1	0.33352133775541964	-1.0496337706215484	0.53313683678219315	5.1351096618671275e-06	2.2401938517782924e-08	2.2822704484024382e-08	11	1	0.33352133723829303	-1.0496337703440373	0.53313683804486756	5.1337172610815899e-06	2.2809130625454463e-08	2.2816516037554119e-08	11
1	0.33352134059867422	-1.0496336473278505	0.53313743672693636	4.573341862245008e-06	2.0325730032728092e-08	2.0325961465164078e-08	9	1	0.33352134059867422	-1.0496336473278505	0.53313743672693636	4.573341862245008e-06	2.0325730032728092e-08	2.0325961465164078e-08	9
1	0.33352140316343332	-1.0496335834908375	0.53313775758964355	4.306640898027462e-06	1.8887822164129392e-08	1.9140622664155332e-08	9	1	0.33352140292819199	-1.0496335833911001	0.53313775803517549	4.3061272981633985e-06	1.9124381948032629e-08	1.9138339998482635e-08	9
1	0.33352146855460851	-1.0496335286776153	0.53313803505175095	4.0895700245162813e-06	1.6901662953097314e-08	1.8175863905070556e-08	9	1	0.33352146730518106	-1.0496335281984874	0.53313803717204999	4.0870627744816577e-06	1.8150146139492169e-08	1.8164720573565598e-08	9
