0.33351609110832214	-1.0496333837509155	0.53313732147216797	3.4027380024781451e-08
0.33351758122444153	-1.0496338605880737	0.53313577175140381	3.8657912426742769e-08
0.33351942896842957	-1.049634575843811	0.53313338756561279	5.253867740862006e-08
0.33352112770080566	-1.0496340990066528	0.53313571214675903	3.9032059362398286e-08
0.33352288603782654	-1.0496333837509155	0.53313672542572021	3.7467057012463556e-08
0.33351615071296692	-1.0496333837509155	0.53313678503036499	3.6509014478269819e-08
0.33351835608482361	-1.0496338605880737	0.53313559293746948	3.8562074422543446e-08
0.33352059125900269	-1.0496338605880737	0.53313571214675903	3.793747183067353e-08
0.33352199196815491	-1.0496333837509155	0.53313672542572021	3.4469916698753877e-08
0.33351540565490723	-1.0496331453323364	0.53313684463500977	3.8979155903007268e-08
0.33351758122444153	-1.0496336221694946	0.53313571214675903	3.8777368871478757e-08
0.33351960778236389	-1.0496336221694946	0.53313225507736206	5.8721848716913883e-08
0.33352148532867432	-1.0496335029602051	0.53313666582107544	3.3520151987431746e-08
0.33351540565490723	-1.0496331453323364	0.53313684463500977	3.8979155903007268e-08
0.33351758122444153	-1.049633264541626	0.53313571214675903	3.8534384572130875e-08
0.33351942896842957	-1.0496336221694946	0.53312170505523682	1.2535650739664561e-07
0.33352133631706238	-1.049633264541626	0.53313654661178589	3.3693243750576585e-08
0.33352136611938477	-1.0496330261230469	0.53313910961151123	1.9501209536088027e-08
0.33351695537567139	-1.0496330261230469	0.53313684463500977	3.3364827345394588e-08
0.33351877331733704	-1.049633264541626	0.53312498331069946	1.0462265720434516e-07
0.33352121710777283	-1.049633264541626	0.53313577175140381	3.8062466956034768e-08
0.33352303504943848	-1.0496330261230469	0.53313624858856201	4.0314457550039151e-08
0.3335171639919281	-1.0496327877044678	0.53313672542572021	3.3411179600761898e-08
0.333518385887146	-1.0496330261230469	0.53313225507736206	5.886375831209989e-08
0.33352065086364746	-1.0496331453323364	0.53313571214675903	3.7469430225200995e-08
0.33352264761924744	-1.0496330261230469	0.53313565254211426	4.2237918052023815e-08
0.33351659774780273	-1.0496327877044678	0.53313684463500977	3.4451851149697177e-08
0.33351817727088928	-1.0496327877044678	0.53313577175140381	3.7071838931979073e-08
0.33352017402648926	-1.0496327877044678	0.53313225507736206	5.8662749324867036e-08
0.33352181315422058	-1.0496327877044678	0.53313678503036499	3.3404791821567414e-08
0.33351612091064453	-1.0496324300765991	0.5331377387046814	3.1754158413832556e-08
0.33351737260818481	-1.0496326684951782	0.53313571214675903	3.8845662686526339e-08
0.33351942896842957	-1.0496327877044678	0.53313225507736206	5.847291362215401e-08
0.33352133631706238	-1.0496327877044678	0.53313630819320679	3.4969982465327121e-08
0.33352139592170715	-1.0496327877044678	0.53313910961151123	1.9562232722591943e-08
0.33351612091064453	-1.0496324300765991	0.53313678503036499	3.6491957899897898e-08
0.33351817727088928	-1.0496323108673096	0.53313577175140381	3.7194482160884945e-08
0.33352047204971313	-1.0496324300765991	0.53313577175140381	3.6881811382727392e-08
0.33352199196815491	-1.0496327877044678	0.53313678503036499	3.3931048193380775e-08
0.33351609110832214	-1.0496324300765991	0.53313785791397095	3.1320389837219409e-08
0.33351612091064453	-1.0496324300765991	0.53313678503036499	3.6491957899897898e-08
0.33351850509643555	-1.04963219165802	0.53313225507736206	5.8885518683382543e-08
0.33352100849151611	-1.0496323108673096	0.53313565254211426	3.8416487768699881e-08
0.33352166414260864	-1.0496326684951782	0.53313910961151123	2.0697806135672181e-08
0.33351549506187439	-1.0496319532394409	0.53313565254211426	4.488418170467412e-08
0.33351790904998779	-1.0496318340301514	0.53313571214675903	3.8314478700840482e-08
0.33352017402648926	-1.0496319532394409	0.53313231468200684	5.8525525759023367e-08
0.3335222601890564	-1.0496325492858887	0.53313678503036499	3.4807332127684276e-08
0.33351513743400574	-1.0496314764022827	0.53313595056533813	4.5138701665337067e-08
0.33351680636405945	-1.0496315956115723	0.53313571214675903	4.0883637808519779e-08
0.33351901173591614	-1.0496317148208618	0.53313559293746948	3.8051251038950795e-08
0.33352094888687134	-1.0496318340301514	0.53313577175140381	3.7954350773361512e-08
0.33352240920066833	-1.04963219165802	0.53313678503036499	3.5471025228162034e-08
0.3335157036781311	-1.0496314764022827	0.53313577175140381	4.4004007548892332e-08
0.33351776003837585	-1.0496314764022827	0.53313577175140381	3.86266023610915e-08
0.33352106809616089	-1.0496317148208618	0.53313571214675903	3.8636276400438874e-08
0.33352133631706238	-1.0496324300765991	0.53313910961151123	1.9456463107303534e-08
0.33351513743400574	-1.0496309995651245	0.53313547372817993	4.8141195918560697e-08
0.33351796865463257	-1.0496313571929932	0.53313571214675903	3.8812675740018676e-08
0.33352014422416687	-1.0496314764022827	0.53313577175140381	3.7429053634241427e-08
0.33352178335189819	-1.0496317148208618	0.53313660621643066	3.5001001208456728e-08
0.33351513743400574	-1.0496314764022827	0.53313696384429932	4.0356354702453245e-08
0.33351516723632812	-1.0496305227279663	0.5331345796585083	5.3366779440011669e-08
0.33351814746856689	-1.0496311187744141	0.53313571214675903	3.8940800806130937e-08
0.33352035284042358	-1.0496313571929932	0.53313577175140381	3.7785241602250608e-08
0.33352240920066833	-1.0496311187744141	0.53313571214675903	4.2501589803123352e-08
0.3335145115852356	-1.0496306419372559	0.53313565254211426	5.0197989764910744e-08
0.33351594209671021	-1.0496304035186768	0.5331345796585083	5.128064017867473e-08
0.33351811766624451	-1.049629807472229	0.53313243389129639	6.0931718337542407e-08
0.33352088928222656	-1.0496307611465454	0.53313571214675903	3.9861831169218931e-08
0.33352157473564148	-1.0496320724487305	0.53313905000686646	2.1075113210144991e-08
0.33351504802703857	-1.0496304035186768	0.53313553333282471	4.9189928574833175e-08
0.33351674675941467	-1.0496301651000977	0.53313452005386353	5.0118188710257527e-08
0.33351960778236389	-1.049626350402832	0.53312259912490845	1.2634146173695626e-07
0.33352327346801758	-1.0496293306350708	0.53313237428665161	6.6349215899208502e-08
0.33351349830627441	-1.0496304035186768	0.53313565254211426	5.4803464877295482e-08
0.33351594209671021	-1.049629807472229	0.5331345796585083	5.251462908972826e-08
0.33351811766624451	-1.0496288537979126	0.53313243389129639	6.3061939670205902e-08
0.33352136611938477	-1.0496292114257812	0.53313225507736206	6.3888407453305263e-08
0.33352133631706238	-1.0496318340301514	0.53313887119293213	2.1393461224761268e-08
0.3335145115852356	-1.0496299266815186	0.53313565254211426	5.1607074169623957e-08
0.33351615071296692	-1.0496292114257812	0.53313362598419189	5.8502109823166393e-08
0.33351883292198181	-1.0496286153793335	0.53313231468200684	6.3927103610694758e-08
0.33352109789848328	-1.0496302843093872	0.53313571214675903	4.1250967086625678e-08
0.33352434635162354	-1.0496299266815186	0.53313422203063965	5.8435478678120489e-08
0.33351495862007141	-1.0496296882629395	0.53313553333282471	5.1073126172695993e-08
0.33351585268974304	-1.0496283769607544	0.53313243389129639	6.7673099124476721e-08
0.33351922035217285	-1.0496280193328857	0.53313231468200684	6.5480200817091827e-08
0.33352142572402954	-1.0496299266815186	0.53313559293746948	4.3386819470470073e-08
0.33352509140968323	-1.0496302843093872	0.53313565254211426	5.3872060590265392e-08
0.33351510763168335	-1.0496292114257812	0.53313517570495605	5.3473339534093611e-08
0.33351659774780273	-1.0496279001235962	0.53313225507736206	6.8535328523466887e-08
0.33351999521255493	-1.0496280193328857	0.53313243389129639	6.4897314189238386e-08
0.33352306485176086	-1.0496284961700439	0.53313308954238892	6.4004971989106707e-08
0.33352425694465637	-1.0496302843093872	0.53313559293746948	5.0789505934289991e-08
0.33351287245750427	-1.0496292114257812	0.53313559293746948	6.0242314248171169e-08
0.33351510763168335	-1.0496283769607544	0.53313314914703369	6.5701506457571668e-08
0.33351805806159973	-1.0496273040771484	0.53313243389129639	6.7585766316824447e-08
0.33352077007293701	-1.0496294498443604	0.53313565254211426	4.3417969664005795e-08
0.33352416753768921	-1.0496288537979126	0.5331343412399292	5.973850392138047e-08
0.33352679014205933	-1.049628734588623	0.53313428163528442	7.0087594394863117e-08
0.33351510763168335	-1.0496286153793335	0.53313523530960083	5.490334586966128e-08
0.33351564407348633	-1.0496251583099365	0.53312951326370239	9.3032873849097086e-08
0.33351990580558777	-1.0496277809143066	0.53313243389129639	6.5584174535615603e-08
0.33352306485176086	-1.049628734588623	0.53313463926315308	5.5404886012411225e-08
0.33352488279342651	-1.0496292114257812	0.53313565254211426	5.5412918698038993e-08
0.33351442217826843	-1.049628734588623	0.53313559293746948	5.5290470868385455e-08
0.33351516723632812	-1.0496259927749634	0.53313183784484863	7.9447609380167705e-08
0.33351895213127136	-1.049627423286438	0.53313338756561279	6.1596082900905458e-08
0.33352163434028625	-1.049628734588623	0.53313553333282471	4.7707647610195636e-08
0.33352422714233398	-1.0496288537979126	0.53313517570495605	5.6046218332994613e-08
0.33351236581802368	-1.0496282577514648	0.53313571214675903	6.4493654861053074e-08
0.3335137665271759	-1.049626350402832	0.53313237428665161	7.9219574899980216e-08
0.33351576328277588	-1.0496208667755127	0.53312504291534424	1.3065861992345162e-07
0.33352047204971313	-1.0496276617050171	0.5331345796585083	5.4873527943755107e-08
0.33352279663085938	-1.049628734588623	0.53313571214675903	4.9511470479046693e-08
0.33352509140968323	-1.0496288537979126	0.53313565254211426	5.719331497289204e-08
0.33351501822471619	-1.0496282577514648	0.53313606977462769	5.2723898136264324e-08
0.33351561427116394	-1.0496253967285156	0.53313213586807251	7.9240230377308762e-08
0.33351990580558777	-1.049627423286438	0.5331345796585083	5.5469069337732435e-08
0.33352228999137878	-1.0496286153793335	0.53313577175140381	4.8340329072971144e-08
0.33352434635162354	-1.049628734588623	0.53313606977462769	5.2963919472404086e-08
0.33351495862007141	-1.0496283769607544	0.53313648700714111	5.0832920095444933e-08
0.33351513743400574	-1.0496255159378052	0.53313291072845459	7.6203406251806882e-08
0.33351871371269226	-1.0496264696121216	0.5331343412399292	6.0570961579742288e-08
0.33352109789848328	-1.0496280193328857	0.53313571214675903	4.8594316126582271e-08
0.33352342247962952	-1.0496280193328857	0.53313571214675903	5.3746436634583006e-08
0.33352598547935486	-1.0496281385421753	0.53313571214675903	6.2664632594078284e-08
